-- phpMyAdmin SQL Dump
-- version 4.9.1
-- https://www.phpmyadmin.net/
--
-- Servidor: 127.0.0.1
-- Tiempo de generación: 27-11-2019 a las 20:55:22
-- Versión del servidor: 10.4.8-MariaDB
-- Versión de PHP: 7.3.10

SET SQL_MODE = "NO_AUTO_VALUE_ON_ZERO";
SET AUTOCOMMIT = 0;
START TRANSACTION;
SET time_zone = "+00:00";


/*!40101 SET @OLD_CHARACTER_SET_CLIENT=@@CHARACTER_SET_CLIENT */;
/*!40101 SET @OLD_CHARACTER_SET_RESULTS=@@CHARACTER_SET_RESULTS */;
/*!40101 SET @OLD_COLLATION_CONNECTION=@@COLLATION_CONNECTION */;
/*!40101 SET NAMES utf8mb4 */;

--
-- Base de datos: `accounting_software`
--

-- --------------------------------------------------------

--
-- Estructura de tabla para la tabla `cargo`
--

CREATE TABLE `cargo` (
  `idcargo` int(11) NOT NULL,
  `nombrecargo` varchar(100) NOT NULL,
  `ibc` int(11) NOT NULL,
  `horaordinaria` decimal(10,0) NOT NULL,
  `salariobasico` decimal(10,0) NOT NULL,
  `auxtransporte` decimal(10,0) NOT NULL,
  `horasextras` decimal(10,0) NOT NULL
) ENGINE=InnoDB DEFAULT CHARSET=utf8mb4;

-- --------------------------------------------------------

--
-- Estructura de tabla para la tabla `cargo_persona`
--

CREATE TABLE `cargo_persona` (
  `idcargopersona` int(11) NOT NULL,
  `idpersona` int(11) NOT NULL,
  `idcargo` int(11) NOT NULL,
  `fecha` date NOT NULL
) ENGINE=InnoDB DEFAULT CHARSET=utf8mb4;

-- --------------------------------------------------------

--
-- Estructura de tabla para la tabla `cuenta`
--

CREATE TABLE `cuenta` (
  `idcuenta` int(11) NOT NULL,
  `idempresa` int(11) NOT NULL,
  `idtipocuenta` int(11) NOT NULL,
  `idpuc` int(11) NOT NULL,
  `detalle` varchar(100) NOT NULL,
  `codPadre` int(11) DEFAULT NULL
) ENGINE=InnoDB DEFAULT CHARSET=utf8mb4;

-- --------------------------------------------------------

--
-- Estructura de tabla para la tabla `cuenta_persona`
--

CREATE TABLE `cuenta_persona` (
  `idcuentapersona` int(11) NOT NULL,
  `idpersonatipopersona` int(11) NOT NULL,
  `idcuenta` int(11) NOT NULL,
  `valorcuenta` decimal(10,0) NOT NULL
) ENGINE=InnoDB DEFAULT CHARSET=utf8mb4;

-- --------------------------------------------------------

--
-- Estructura de tabla para la tabla `detallemes`
--

CREATE TABLE `detallemes` (
  `iddetallemes` int(11) NOT NULL,
  `idcargopersona` int(11) NOT NULL,
  `diastrabajados` int(11) NOT NULL,
  `horasextras` int(11) NOT NULL,
  `cantidadsalario` decimal(10,0) NOT NULL,
  `auxiliocantidad` decimal(10,0) NOT NULL
) ENGINE=InnoDB DEFAULT CHARSET=utf8mb4;

-- --------------------------------------------------------

--
-- Estructura de tabla para la tabla `detallemovimiento`
--

CREATE TABLE `detallemovimiento` (
  `iddetallemovimiento` int(11) NOT NULL,
  `idcuenta` int(11) NOT NULL,
  `idpersonatipopersona` int(11) NOT NULL,
  `idcargopersona` int(11) NOT NULL,
  `idfactura` int(11) NOT NULL,
  `tipodocumento` varchar(100) NOT NULL,
  `fechainicio` date NOT NULL,
  `fechafin` date NOT NULL,
  `monto` int(11) NOT NULL
) ENGINE=InnoDB DEFAULT CHARSET=utf8mb4;

-- --------------------------------------------------------

--
-- Estructura de tabla para la tabla `empresa`
--

CREATE TABLE `empresa` (
  `idempresa` int(11) NOT NULL,
  `nombrempresa` varchar(100) NOT NULL,
  `nit` varchar(100) NOT NULL,
  `telefono` int(11) NOT NULL,
  `pais` varchar(100) NOT NULL,
  `departamento` varchar(100) NOT NULL,
  `municipio` varchar(100) NOT NULL,
  `direccion` varchar(100) NOT NULL,
  `correo` varchar(100) NOT NULL
) ENGINE=InnoDB DEFAULT CHARSET=utf8mb4;

--
-- Volcado de datos para la tabla `empresa`
--

INSERT INTO `empresa` (`idempresa`, `nombrempresa`, `nit`, `telefono`, `pais`, `departamento`, `municipio`, `direccion`, `correo`) VALUES
(1, 'Bancolombia ', '940.001.921-7', 312796453, 'colombia', 'cundinamarca', 'cajica', 'carrera 17 numero 24-32', 'bancolombia@gmail.com'),
(2, 'Chevrolet ', '940.401.421-6', 312896451, 'colombia', 'boyaca', 'sogamoso', 'carrera 1 este numero 12-11', 'chevrolet@gmail.com'),
(3, 'rey', '790.503.958-8', 300245672, 'colombia', 'meta', 'puerto salgar', 'cra 5 oeste numero 11-34', 'reyjabon@gmail.com'),
(4, 'textilesco', '797.523.158-1', 2135698, 'colombia', 'antioquia', 'bello', 'transversal 12 numero 99-76', 'textilesco2@gmail.com'),
(5, 'ariel', '940.411.431-5', 627542839, 'colombia', 'valle del cauca', 'jumbo', 'cra 1a este numero 33-44', 'arieldet@gmail.com'),
(6, 'alpha', '440.406.461-8', 813692346, 'colombia', 'amazonas', 'leticia', 'transversal numero 9-12', 'alphaguns@gmail.com'),
(7, 'textco', '790.403.938-8', 237911296, 'colombia', 'boyaca', 'aquitania', 'carrera 1 numero 2-4', 'textcort@gmail.com'),
(8, 'sweetco', '790.503.958-8', 829865903, 'colombia', 'risaralda', 'pereira', 'calle 11 numero 14-67', 'sweetco@hotmail.com'),
(9, 'cafeco', '990.903.978-1', 898841821, 'colombia', 'vaupes', 'mitu', 'calle 12 numero 4-5', 'cafecofer@yahoo.com'),
(10, 'bussinesco', '771.303.158-2', 635422643, 'colombia', 'vichada', 'puerto carreño\r\n', 'calle 12 numero 4-8', 'bussinesco@gmail.com');

-- --------------------------------------------------------

--
-- Estructura de tabla para la tabla `factura`
--

CREATE TABLE `factura` (
  `idfactura` int(11) NOT NULL,
  `idpersona` int(11) NOT NULL,
  `fecha` date NOT NULL,
  `fechavencimiento` date NOT NULL,
  `cliente` varchar(100) NOT NULL,
  `tipodocumento` varchar(100) NOT NULL,
  `numerodocumento` int(11) NOT NULL,
  `direccion` varchar(100) NOT NULL,
  `telefono` int(11) NOT NULL,
  `ciudad` varchar(100) NOT NULL,
  `formapago` varchar(100) NOT NULL,
  `ordencompra` varchar(100) NOT NULL,
  `cantidad` int(11) NOT NULL,
  `detalle` varchar(100) NOT NULL,
  `valorunitario` decimal(10,0) NOT NULL,
  `valortotal` decimal(10,0) NOT NULL
) ENGINE=InnoDB DEFAULT CHARSET=utf8mb4;

-- --------------------------------------------------------

--
-- Estructura de tabla para la tabla `notificacion`
--

CREATE TABLE `notificacion` (
  `idnotificacion` int(11) NOT NULL,
  `idusuario` int(11) NOT NULL,
  `detalle` varchar(100) NOT NULL
) ENGINE=InnoDB DEFAULT CHARSET=utf8mb4;

-- --------------------------------------------------------

--
-- Estructura de tabla para la tabla `persona`
--

CREATE TABLE `persona` (
  `idpersona` int(11) NOT NULL,
  `idempresa` int(11) NOT NULL,
  `primernombre` varchar(100) NOT NULL,
  `segundonombre` varchar(100) NOT NULL,
  `primerapellido` varchar(100) NOT NULL,
  `segundoapellido` varchar(100) NOT NULL,
  `tipodocumento` varchar(100) NOT NULL,
  `numerodocumento` int(11) NOT NULL
) ENGINE=InnoDB DEFAULT CHARSET=utf8mb4;

--
-- Volcado de datos para la tabla `persona`
--

INSERT INTO `persona` (`idpersona`, `idempresa`, `primernombre`, `segundonombre`, `primerapellido`, `segundoapellido`, `tipodocumento`, `numerodocumento`) VALUES
(1, 1, 'juan', 'andres', 'sanchez', 'rojas', 'cedula', 45674432),
(2, 2, 'ana', 'maria', 'rojas', 'sanchez', 'cedula', 1046778321),
(3, 3, 'alfredo', 'andres', 'agudelo', 'rojas', 'cedula', 45678843),
(4, 4, 'sofia', 'antonia', 'perez', 'antonio', 'cedula', 10567785),
(5, 5, 'sergio', 'andres', 'diaz', 'pinzon', 'pasaporte', 2459986),
(6, 6, 'adam', 'venet', 'carlson', 'trevou', 'pasaporte', 5785554),
(7, 7, 'paula', 'andrea', 'cruz', 'molina', 'cedula de extranjeria', 25677784),
(8, 8, 'emerson', 'andres', 'cachipai', 'anke', 'nit', 990449585),
(9, 9, 'monica', 'melisa', 'mesa', 'castro', 'cedula', 10678854),
(10, 10, 'james', 'arthur', 'mertens', 'stark', 'cedula de extranjeria', 2654432);

-- --------------------------------------------------------

--
-- Estructura de tabla para la tabla `persona_tipopersona`
--

CREATE TABLE `persona_tipopersona` (
  `idpersonatipopersona` int(11) NOT NULL,
  `idpersona` int(11) NOT NULL,
  `idtipopersona` int(11) NOT NULL
) ENGINE=InnoDB DEFAULT CHARSET=utf8mb4;

--
-- Volcado de datos para la tabla `persona_tipopersona`
--

INSERT INTO `persona_tipopersona` (`idpersonatipopersona`, `idpersona`, `idtipopersona`) VALUES
(1, 1, 1),
(2, 2, 1),
(3, 3, 2),
(4, 4, 1),
(5, 5, 1),
(6, 6, 2),
(7, 7, 1),
(8, 8, 2),
(9, 9, 1),
(10, 10, 2);

-- --------------------------------------------------------

--
-- Estructura de tabla para la tabla `puc`
--

CREATE TABLE `puc` (
  `idpuc` int(11) NOT NULL,
  `codpuc` int(11) NOT NULL,
  `nombrepuc` varchar(100) NOT NULL
) ENGINE=InnoDB DEFAULT CHARSET=utf8mb4;

--
-- Volcado de datos para la tabla `puc`
--

INSERT INTO `puc` (`idpuc`, `codpuc`, `nombrepuc`) VALUES
(2409, 110515, 'Moneda extranjera'),
(2410, 1110, 'Bancos'),
(2411, 111005, 'Moneda nacional'),
(2412, 111010, 'Moneda extranjera'),
(2413, 1115, 'Remesas en tránsito'),
(2414, 111505, 'Moneda nacional'),
(2415, 111510, 'Moneda extranjera'),
(2416, 1120, 'Cuentas de ahorro'),
(2417, 112005, 'Bancos'),
(2418, 112010, 'Corporaciones de ahorro y vivienda'),
(2419, 112015, 'Organismos cooperativos financieros'),
(2420, 1125, 'Fondos'),
(2421, 112505, 'Rotatorios moneda nacional'),
(2422, 112510, 'Rotatorios moneda extranjera'),
(2423, 112515, 'Especiales moneda nacional'),
(2424, 112520, 'Especiales moneda extranjera'),
(2425, 112525, 'De amortización moneda nacional'),
(2426, 112530, 'De amortización moneda extranjera'),
(2427, 12, 'Inversiones'),
(2428, 1205, 'Acciones'),
(2429, 120505, 'Agricultura, ganadería, caza y silvicultura'),
(2430, 120510, 'Pesca'),
(2431, 120515, 'Explotación de minas y canteras'),
(2432, 120520, 'Industria manufacturera'),
(2433, 120525, 'Suministro de electricidad, gas y agua'),
(2434, 120530, 'Construcción'),
(2435, 120535, 'Comercio al por mayor y al por menor'),
(2436, 120540, 'Hoteles y restaurantes'),
(2437, 120545, 'Transporte, almacenamiento y comunicaciones'),
(2438, 120550, 'Actividad financiera'),
(2439, 120555, 'Actividades inmobiliarias, empresariales y de alquiler'),
(2440, 120560, 'Enseñanza'),
(2441, 120565, 'Servicios sociales y de salud'),
(2442, 120570, 'Otras actividades de servicios comunitarios, sociales y personales'),
(2443, 1210, 'Cuotas o partes de interés social'),
(2444, 121005, 'Agricultura, ganadería, caza y silvicultura'),
(2445, 121010, 'Pesca'),
(2446, 121015, 'Explotación de minas y canteras'),
(2447, 121020, 'Industria manufacturera'),
(2448, 121025, 'Suministro de electricidad, gas y agua'),
(2449, 121030, 'Construcción'),
(2450, 121035, 'Comercio al por mayor y al por menor'),
(2451, 121040, 'Hoteles y restaurantes'),
(2452, 121045, 'Transporte, almacenamiento y comunicaciones'),
(2453, 121050, 'Actividad financiera'),
(2454, 121055, 'Actividades inmobiliarias, empresariales y de alquiler'),
(2455, 121060, 'Enseñanza'),
(2456, 121065, 'Servicios sociales y de salud'),
(2457, 121070, 'Otras actividades de servicios comunitarios, sociales y personales'),
(2458, 1215, 'Bonos'),
(2459, 121505, 'Bonos públicos moneda nacional'),
(2460, 121510, 'Bonos públicos moneda extranjera'),
(2461, 121515, 'Bonos ordinarios'),
(2462, 121520, 'Bonos convertibles en acciones'),
(2463, 121595, 'Otros'),
(2464, 1220, 'Cédulas'),
(2465, 122005, 'Cédulas de capitalización'),
(2466, 122010, 'Cédulas hipotecarias'),
(2467, 122015, 'Cédulas de inversión'),
(2468, 122095, 'Otras'),
(2469, 1225, 'Certificados'),
(2470, 122505, 'Certificados de depósito a término (CDT)'),
(2471, 122510, 'Certificados de depósito de ahorro'),
(2472, 122515, 'Certificados de ahorro de valor constante (CAVC)'),
(2473, 122520, 'Certificados de cambio'),
(2474, 122525, 'Certificados cafeteros valorizables'),
(2475, 122530, 'Certificados eléctricos valorizables (CEV)'),
(2476, 122535, 'Certificados de reembolso tributario (CERT)'),
(2477, 122540, 'Certificados de desarrollo turístico'),
(2478, 122545, 'Certificados de inversión forestal (CIF)'),
(2479, 122595, 'Otros'),
(2480, 1230, 'Papeles comerciales'),
(2481, 123005, 'Empresas comerciales'),
(2482, 123010, 'Empresas industriales'),
(2483, 123015, 'Empresas de servicios'),
(2484, 1235, 'Títulos'),
(2485, 123505, 'Títulos de desarrollo agropecuario'),
(2486, 123510, 'Títulos canjeables por certificados de cambio'),
(2487, 123515, 'Títulos de tesorería (TES)'),
(2488, 123520, 'Títulos de participación'),
(2489, 123525, 'Títulos de crédito de fomento'),
(2490, 123530, 'Títulos financieros agroindustriales (TFA)'),
(2491, 123535, 'Títulos de ahorro cafetero (TAC)'),
(2492, 123540, 'Títulos de ahorro nacional (TAN)'),
(2493, 123545, 'Títulos energéticos de rentabilidad creciente (TER)'),
(2494, 123550, 'Títulos de ahorro educativo (TAE)'),
(2495, 123555, 'Títulos financieros industriales y comerciales'),
(2496, 123560, 'Tesoros'),
(2497, 123565, 'Títulos de devolución de impuestos nacionales (TIDIS)'),
(2498, 123570, 'Títulos inmobiliarios'),
(2499, 123595, 'Otros'),
(2500, 1240, 'Aceptaciones bancarias o financieras'),
(2501, 124005, 'Bancos comerciales'),
(2502, 124010, 'Compañías de financiamiento comercial'),
(2503, 124015, 'Corporaciones financieras'),
(2504, 124095, 'Otras'),
(2505, 1245, 'Derechos fiduciarios'),
(2506, 124505, 'Fideicomisos de inversión moneda nacional'),
(2507, 124510, 'Fideicomisos de inversión moneda extranjera'),
(2508, 1250, 'Derechos de recompra de inversiones negociadas (repos)'),
(2509, 125005, 'Acciones'),
(2510, 125010, 'Cuotas o partes de interés social'),
(2511, 125015, 'Bonos'),
(2512, 125020, 'Cédulas'),
(2513, 125025, 'Certificados'),
(2514, 125030, 'Papeles comerciales'),
(2515, 125035, 'Títulos'),
(2516, 125040, 'Aceptaciones bancarias o financieras'),
(2517, 125095, 'Otros'),
(2518, 1255, 'Obligatorias'),
(2519, 125505, 'Bonos de financiamiento especial'),
(2520, 125510, 'Bonos de financiamiento presupuestal'),
(2521, 125515, 'Bonos para desarrollo social y seguridad interna (BDSI)'),
(2522, 125595, 'Otras'),
(2523, 1260, 'Cuentas en participación'),
(2524, 1295, 'Otras inversiones'),
(2525, 129505, 'aportes en cooperativas'),
(2526, 129510, 'derechos en clubes sociales'),
(2527, 129515, 'acciones o derechos en clubes deportivos'),
(2528, 129520, 'bonos en colegios'),
(2529, 129595, 'diversas'),
(2530, 1299, 'Provisiones'),
(2531, 129905, 'Acciones'),
(2532, 129910, 'cuotas o partes de interes social'),
(2533, 129915, 'bonos'),
(2534, 129920, 'cedulas'),
(2535, 129925, 'certificados'),
(2536, 129930, 'papeles comerciales'),
(2537, 129935, 'titulos'),
(2538, 129940, 'aceptaciones bancarias o financieras'),
(2539, 129945, 'derechos fiduciarios'),
(2540, 129950, 'derechos de recompra de inversiones negociadas'),
(2541, 129955, 'obligatorias'),
(2542, 129960, 'cuentas en participacion'),
(2543, 129995, 'otras inversiones'),
(2544, 13, 'Deudores'),
(2545, 1305, 'Clientes'),
(2546, 130505, 'nacionales'),
(2547, 130510, 'del exterior'),
(2548, 130515, 'deudores del sistema'),
(2549, 1310, 'Cuentas corrientes comerciales'),
(2550, 131005, 'casa matriz'),
(2551, 131010, 'compañias vinculadas'),
(2552, 131015, 'accionistas o socios'),
(2553, 131020, 'particulares'),
(2554, 131095, 'otras'),
(2555, 1315, 'Cuentas por cobrar a casa matriz'),
(2556, 131505, 'ventas'),
(2557, 131510, 'pagos a nombre de casa matriz'),
(2558, 131515, 'valores recibidos por casa matriz'),
(2559, 131520, 'prestamos'),
(2560, 1320, 'Cuentas por cobrar a vinculados economicos'),
(2561, 132005, 'filiales'),
(2562, 132010, 'subsidiarias'),
(2563, 132015, 'sucursales'),
(2564, 1325, 'Cuentas por cobrar a socios y accionistas'),
(2565, 132505, 'a socios'),
(2566, 132510, 'a accionistas'),
(2567, 1328, 'Aportes por cobrar'),
(2568, 1330, 'Anticipos y avances'),
(2569, 133005, 'a proveedores'),
(2570, 133010, 'a contratistas'),
(2571, 133015, 'a trabajadores'),
(2572, 133020, 'a agentes'),
(2573, 133025, 'a concesionarios'),
(2574, 133030, 'de adjudicaciones'),
(2575, 133095, 'otros'),
(2576, 1332, 'Cuentas de operacion conjunta'),
(2577, 1335, 'Depositos'),
(2578, 133505, 'para importaciones'),
(2579, 133510, 'para servicios'),
(2580, 133515, 'para contratos'),
(2581, 133520, 'para responsabilidades'),
(2582, 133525, 'Para juicios ejecutivos'),
(2583, 133530, 'para adquisicion de acciones, cuotas o derechos sociales'),
(2584, 133535, 'en garantia'),
(2585, 133595, 'otros'),
(2586, 1340, 'Promesas de compra venta'),
(2587, 134005, 'de bienes raices'),
(2588, 134010, 'de maquinaria y equipo'),
(2589, 134015, 'de flota y equipo de transporte'),
(2590, 134020, 'de flota y equipo aereo'),
(2591, 134025, 'de flota y equipo ferreo'),
(2592, 134030, 'de flota y equipo fluvial y/o maritimo'),
(2593, 134035, 'de semovientes'),
(2594, 134095, 'de otros bienes'),
(2595, 1345, 'Ingresos por cobrar'),
(2596, 134505, 'dividendos y/o participaciones'),
(2597, 134510, 'intereses'),
(2598, 134515, 'comisiones'),
(2599, 134520, 'honorarios'),
(2600, 134525, 'servicios'),
(2601, 134530, 'arrendamientos'),
(2602, 134535, 'cert por cobrar'),
(2603, 134595, 'otros'),
(2604, 1350, 'retencion sobre contratos'),
(2605, 135005, 'de construccion'),
(2606, 135010, 'de prestacion de servicios'),
(2607, 135095, 'otros'),
(2608, 1355, 'Anticipo de impuestos y contribuciones o saldos a favor'),
(2609, 135505, 'anticipo de impuestos de renta y complementarios'),
(2610, 135510, 'anticipo de impuestos de industria y comercio'),
(2611, 135515, 'retencion en la fuente'),
(2612, 135517, 'Impuesto a las ventas y retenido'),
(2613, 135518, 'Impuesto de Industria y comercio y retenido'),
(2614, 135520, 'sobrantes en liquidacion privada de impuestos'),
(2615, 135525, 'contribuciones'),
(2616, 135530, 'impuestos descontables'),
(2617, 135595, 'otros'),
(2618, 1360, 'Reclamaciones'),
(2619, 136005, 'a compañias aseguradoras'),
(2620, 136010, 'a transportadores'),
(2621, 136015, 'por tiquetes aereos'),
(2622, 136095, 'otras'),
(2623, 1365, 'Cuentas por cobrar a trabajadores'),
(2624, 136505, 'vivienda'),
(2625, 136510, 'vehiculos'),
(2626, 136515, 'educacion'),
(2627, 136520, 'medicos, odontologicos y similares'),
(2628, 136525, 'calamidad domestica'),
(2629, 136530, 'responsabilidades'),
(2630, 136595, 'otros'),
(2631, 1370, 'Prestamos a particulares'),
(2632, 137005, 'con garantia real'),
(2633, 137010, 'con garantia personal'),
(2634, 1380, 'Deudores varios'),
(2635, 138005, 'depositarios'),
(2636, 138010, 'Comisionistas de bolsas'),
(2637, 138015, 'fondo de inversion'),
(2638, 138020, 'cuentas por cobrar de terceros'),
(2639, 138025, 'pagos por cuenta de terceros'),
(2640, 138030, 'fondos de inversion social'),
(2641, 1385, 'Derechos de recompra de cartera negociada'),
(2642, 1390, 'Deudas de dificil cobro'),
(2643, 1399, 'Proovisiones'),
(2644, 139905, 'clientes'),
(2645, 139910, 'cuentas corrientes comerciales'),
(2646, 139915, 'cuentas por cobrar a casa matriz'),
(2647, 139920, 'cuentas por cobrar a vinculados economicos'),
(2648, 139925, 'cuentas por cobrar a socios y accionistas'),
(2649, 139930, 'anticipos y avances'),
(2650, 139932, 'cuentas de operacion conjunta'),
(2651, 139935, 'depositos'),
(2652, 139940, 'promesas de compraventa'),
(2653, 139945, 'ingresos por cobrar'),
(2654, 139950, 'retencion sobre contratos'),
(2655, 139955, 'reclamaciones'),
(2656, 139960, 'cuentas por cobrar a trabajadores'),
(2657, 139965, 'prestamos a particulares'),
(2658, 139975, 'deudores varios'),
(2659, 139980, 'derechos de recompra de cartera negociada'),
(2660, 14, 'Invntarios'),
(2661, 1405, 'Materias primas'),
(2662, 140599, 'ajustes por inflacion < Derogado con el Decreto 1536 de 07/05/2007 >'),
(2663, 1410, 'Productos en proceso'),
(2664, 141099, 'ajustes por inflacion < Derogado con el Decreto 1536 de 07/05/2007 >'),
(2665, 1415, 'Obras de construccion en curso'),
(2666, 141599, 'ajustes por inflacion < Derogado con el Decreto 1536 de 07/05/2007 >'),
(2667, 1417, 'Obras de urbanismo'),
(2668, 141799, 'ajustes por inflacion < Derogado con el Decreto 1536 de 07/05/2007 >'),
(2669, 1420, 'Contratos en ejecucion'),
(2670, 142099, 'ajustes por inflacion < Derogado con el Decreto 1536 de 07/05/2007 >'),
(2671, 1425, 'Cultivos en desarrollo'),
(2672, 142599, 'ajustes por inflacion < Derogado con el Decreto 1536 de 07/05/2007 >'),
(2673, 1430, 'Productos terminados'),
(2674, 143005, 'productos manufacturados'),
(2675, 143010, 'productos extraidos y/o procesados'),
(2676, 143015, 'productos agricolas y forestales'),
(2677, 143020, 'subproductos'),
(2678, 143025, 'productos de pesca'),
(2679, 143099, 'ajustes por inflacion'),
(2680, 1435, 'Mercancias no fabricadas por la empresa'),
(2681, 143501, 'a 143598'),
(2682, 143599, 'ajustes por inflacion < Derogado con el Decreto 1536 de 07/05/2007 >'),
(2683, 1440, 'Bienes raices para la venta'),
(2684, 144099, 'ajustes por inflacion < Derogado con el Decreto 1536 de 07/05/2007 >'),
(2685, 1445, 'Semovientes'),
(2686, 144505, 'especies mayores'),
(2687, 144510, 'especies menores'),
(2688, 144599, 'ajustes por inflacion < Derogado con el Decreto 1536 de 07/05/2007 >'),
(2689, 1450, 'Terrenos'),
(2690, 145005, 'por urbanizar'),
(2691, 145010, 'urbanizados por construir'),
(2692, 145099, 'ajustes por inflacion < Derogado con el Decreto 1536 de 07/05/2007 >'),
(2693, 1455, 'Materiales, repuestos y accesorios'),
(2694, 145599, 'Ajustes por inflación < Derogado con el Decreto 1536 de 07/05/2007 >'),
(2695, 1460, 'Envases y empaques'),
(2696, 146099, 'ajustes por inflacion < Derogado con el Decreto 1536 de 07/05/2007 >'),
(2697, 1465, 'Inventarios en transito'),
(2698, 146599, 'ajustes por inflacion < Derogado con el Decreto 1536 de 07/05/2007 >'),
(2699, 1499, 'Provisiones'),
(2700, 149905, 'para obsolescencia'),
(2701, 149910, 'para diferencia de inventario fisico'),
(2702, 149915, 'para perdidas de inventarios'),
(2703, 149920, 'lifo'),
(2704, 15, 'Propiedades planta y equipo'),
(2705, 1504, 'Terrenos'),
(2706, 150405, 'urbanos'),
(2707, 150410, 'rurales'),
(2708, 150499, 'ajustes por inflacion < Derogado con el Decreto 1536 de 07/05/2007 >'),
(2709, 1506, 'Materiales proyectos petroleros'),
(2710, 150605, 'tuberias y equipo'),
(2711, 150610, 'costos de importacion materiales'),
(2712, 150615, 'proyectos de construccion'),
(2713, 150699, 'ajustes por inflacion < Derogado con el Decreto 1536 de 07/05/2007 >'),
(2714, 1508, 'Construcciones en curso'),
(2715, 150805, 'construcciones y edificaciones'),
(2716, 150810, 'acueductos plantas y redes'),
(2717, 150815, 'vias de comunicacion'),
(2718, 150820, 'pozos artesianos'),
(2719, 150825, 'Proyectos de exploracion'),
(2720, 150830, 'proyectos de desarrollo'),
(2721, 150899, 'ajustes por inflacion < Derogado con el Decreto 1536 de 07/05/2007 >'),
(2722, 1512, 'Maquinaria y equipos en montaje'),
(2723, 151205, 'maquinaria y equipo'),
(2724, 151210, 'equipo de oficina'),
(2725, 151215, 'equipo de computacion y comunicacion'),
(2726, 151220, 'equipo medico-cientifico'),
(2727, 151225, 'equipo de hoteles y restaurantes'),
(2728, 151230, 'flota y equipo de transporte'),
(2729, 151235, 'flota y equipo fluvial y/o maritimo'),
(2730, 151240, 'flota y equipo aereo'),
(2731, 151245, 'flota y equipo ferreo'),
(2732, 151250, 'plantas y redes'),
(2733, 151299, 'ajustes por inflacion < Derogado con el Decreto 1536 de 07/05/2007 >'),
(2734, 1516, 'Construcciones y edificaciones'),
(2735, 151605, 'edificios'),
(2736, 151610, 'oficinas'),
(2737, 151615, 'almacenes'),
(2738, 151620, 'fabricas y plantas industriales'),
(2739, 151625, 'salas de exhibicion y ventas'),
(2740, 151630, 'cafeteria y casinos'),
(2741, 151635, 'silos'),
(2742, 151640, 'invernaderos'),
(2743, 151645, 'casetas y campamentos'),
(2744, 151650, 'instalaciones agropecuarias'),
(2745, 151655, 'viviendas para empleados y obreros'),
(2746, 151660, 'terminal de buses y taxis'),
(2747, 151663, 'terminal maritimo'),
(2748, 151665, 'terminal ferreo'),
(2749, 151670, 'parqueaderos, garajes y depositos'),
(2750, 151675, 'hangares'),
(2751, 151680, 'bodegas'),
(2752, 151695, 'otros'),
(2753, 151699, 'ajustes por inflacion < Derogado con el Decreto 1536 de 07/05/2007 >'),
(2754, 1520, 'Maquinaria y equipo'),
(2755, 152099, 'ajustes por inflacion < Derogado con el Decreto 1536 de 07/05/2007 >'),
(2756, 1524, 'EQuipo de oficina'),
(2757, 152405, 'muebles y enseres'),
(2758, 152410, 'equipos'),
(2759, 152495, 'otros'),
(2760, 152499, 'ajustes por inflacion < Derogado con el Decreto 1536 de 07/05/2007 >'),
(2761, 1528, 'Equipo de computacion y comunicacion'),
(2762, 152805, 'equipos de procesamiento de datos'),
(2763, 152810, 'equipos de telecomunicaciones'),
(2764, 152815, 'equipos de radio'),
(2765, 152820, 'satelites y antenas'),
(2766, 152825, 'lineas telefonicas'),
(2767, 152895, 'otros'),
(2768, 152899, 'ajustes por inflacion < Derogado con el Decreto 1536 de 07/05/2007 >'),
(2769, 1532, 'Equipo medico – cientifico'),
(2770, 153205, 'medico'),
(2771, 153210, 'odontologico'),
(2772, 153215, 'laboratorio'),
(2773, 153220, 'instrumental'),
(2774, 153295, 'otros'),
(2775, 153299, 'ajustes por inflacion < Derogado con el Decreto 1536 de 07/05/2007 >'),
(2776, 1536, 'Equipo de hoteles y restaurantes'),
(2777, 153605, 'de habitaciones'),
(2778, 153610, 'de comestibles y bebidas'),
(2779, 153695, 'otros'),
(2780, 153699, 'ajustes por inflacion < Derogado con el Decreto 1536 de 07/05/2007 >'),
(2781, 1540, 'Flota y equipo de transporte'),
(2782, 154005, 'autos, camionetas y camperos'),
(2783, 154008, 'camiones, volquetas y furgones'),
(2784, 154010, 'tractomulas y remolques'),
(2785, 154015, 'buses y busetas'),
(2786, 154017, 'recolectores y contenedores'),
(2787, 154020, 'montacargas'),
(2788, 154025, 'palas y gruas'),
(2789, 154030, 'motocicletas'),
(2790, 154035, 'bicicletas'),
(2791, 154040, 'estibas y carretas'),
(2792, 154045, 'bandas transportadoras'),
(2793, 154095, 'otros'),
(2794, 154099, 'ajustes por inflacion < Derogado con el Decreto 1536 de 07/05/2007 >'),
(2795, 1544, 'Flota y equipo fluvial y/o maritimo'),
(2796, 154405, 'buques'),
(2797, 154410, 'lanchas'),
(2798, 154415, 'remolcadoras'),
(2799, 154420, 'botes'),
(2800, 154425, 'boyas'),
(2801, 154430, 'amarres'),
(2802, 154435, 'contenedores y chassises'),
(2803, 154440, 'gabarras'),
(2804, 154495, 'otros'),
(2805, 154499, 'ajustes por inflacion < Derogado con el Decreto 1536 de 07/05/2007 >'),
(2806, 1548, 'Flota y equipo aereo'),
(2807, 154805, 'aviones'),
(2808, 154810, 'avionetas'),
(2809, 154815, 'helicopteros'),
(2810, 154820, 'turbinas y motores'),
(2811, 154825, 'manuales de entrenamiento personal tecnico'),
(2812, 154830, 'equipos de vuelo'),
(2813, 154895, 'otros'),
(2814, 154899, 'ajustes por inflacion < Derogado con el Decreto 1536 de 07/05/2007 >'),
(2815, 1552, 'Flota y equipo ferreo'),
(2816, 155205, 'locomotoras'),
(2817, 155210, 'vagones'),
(2818, 155215, 'redes ferreas'),
(2819, 155295, 'otros'),
(2820, 155299, 'ajustes por inflacion < Derogado con el Decreto 1536 de 07/05/2007 >'),
(2821, 1556, 'Acueductos plantas y redes'),
(2822, 155605, 'instalaciones para agua y energia'),
(2823, 155610, 'acueducto acequias y canalizaciones'),
(2824, 155615, 'plantas de generacion hidraulica'),
(2825, 155620, 'plantas de generacion termica'),
(2826, 155625, 'Plantas de generacion a gas'),
(2827, 155628, 'plantas de generacion diesel, gasolina y petroleo'),
(2828, 155630, 'plantas de distribucion'),
(2829, 155635, 'plantas de transmision y subestaciones'),
(2830, 155640, 'oleoductos'),
(2831, 155645, 'gasoductos'),
(2832, 155647, 'poliductos'),
(2833, 155650, 'redes de distribucion'),
(2834, 155655, 'plantas de tratamiento'),
(2835, 155660, 'redes de recoleccion de aguas negras'),
(2836, 155665, 'instalaciones y equipo de bombeo'),
(2837, 155670, 'redes de distribucion de vapor'),
(2838, 155675, 'redes de aire'),
(2839, 155680, 'redes alimentacion de gas'),
(2840, 155682, 'redes externas de telefonia'),
(2841, 155685, 'plantas deshidratadoras'),
(2842, 155695, 'otros'),
(2843, 155699, 'ajustes por inflacion < Derogado con el Decreto 1536 de 07/05/2007 >'),
(2844, 1560, 'Armamento de vigilancia'),
(2845, 156099, 'ajustes por inflacion < Derogado con el Decreto 1536 de 07/05/2007 >'),
(2846, 1562, 'Envases y empaques'),
(2847, 156299, 'ajustes por inflacion < Derogado con el Decreto 1536 de 07/05/2007 >'),
(2848, 1564, 'Plantaciones agricolas y forestales'),
(2849, 156405, 'cultivos en desarrollo'),
(2850, 156410, 'cultivos amortizables'),
(2851, 156499, 'ajustes por inflacion < Derogado con el Decreto 1536 de 07/05/2007 >'),
(2852, 1568, 'Vias de comunicacion'),
(2853, 156805, 'pavimentacion y patios'),
(2854, 156810, 'vias'),
(2855, 156815, 'puentes'),
(2856, 156820, 'calles'),
(2857, 156825, 'aerodromos'),
(2858, 156895, 'otros'),
(2859, 156899, 'ajustes por inflacion < Derogado con el Decreto 1536 de 07/05/2007 >'),
(2860, 1572, 'Minas y canteras'),
(2861, 157205, 'minas'),
(2862, 157210, 'canteras'),
(2863, 157299, 'ajustes por inflacion < Derogado con el Decreto 1536 de 07/05/2007 >'),
(2864, 1576, 'Pozos artesianos'),
(2865, 1580, 'Yacimientos'),
(2866, 158099, 'ajustes por inflacion < Derogado con el Decreto 1536 de 07/05/2007 >'),
(2867, 158405, 'especies menores'),
(2868, 158410, 'especies mayores'),
(2869, 158499, 'ajustes por inflacion < Derogado con el Decreto 1536 de 07/05/2007 >'),
(2870, 1588, 'Propiedades planta y equipo en transito'),
(2871, 158805, 'maquinaria y equipo'),
(2872, 158810, 'equipo de oficina'),
(2873, 158815, 'equipo de computacion y comunicacion'),
(2874, 158820, 'equipo medico cientifico'),
(2875, 158825, 'equipo de hoteles y restaurantes'),
(2876, 158830, 'flota y equipo de transporte'),
(2877, 158835, 'flota y equipo fluvial y/o maritimo'),
(2878, 158840, 'flota y equipo aereo'),
(2879, 158845, 'flota y equipo ferreo'),
(2880, 158850, 'plantas y redes'),
(2881, 158855, 'armamento de vigilancia'),
(2882, 158860, 'semovientes'),
(2883, 158865, 'envases y empaques'),
(2884, 158899, 'ajustes por inflacion < Derogado con el Decreto 1536 de 07/05/2007 >'),
(2885, 1592, 'Depreciacion acumulada'),
(2886, 159205, 'construcciones y edificaciones'),
(2887, 159210, 'maquinaria y equipo'),
(2888, 159215, 'equipo de oficina'),
(2889, 159220, 'equipo de computacion y comunicacion'),
(2890, 159225, 'equipo medico cientifico'),
(2891, 159230, 'equipo de hoteles y restaurantes'),
(2892, 159235, 'flota y equipo de transporte'),
(2893, 159240, 'flota y equipo fluvial y/o maritimo'),
(2894, 159245, 'flota y equipo aereo'),
(2895, 159250, 'flota y equipo ferreo'),
(2896, 159255, 'acueductos plantas y redes'),
(2897, 159260, 'armamento de vigilancia'),
(2898, 159265, 'envases y empaques'),
(2899, 159299, 'ajustes por inflacion < Derogado con el Decreto 1536 de 07/05/2007 >'),
(2900, 1596, 'depreciacion diferida'),
(2901, 159605, 'exceso fiscal sobre la contable'),
(2902, 159610, 'defecto fiscal sobre la contable (cr)'),
(2903, 159699, 'ajustes por inflacion < Derogado con el Decreto 1536 de 07/05/2007 >'),
(2904, 1597, 'Amortizacion acumulada'),
(2905, 159705, 'plantaciones agricolas y forestales'),
(2906, 159710, 'vias de comunicacion'),
(2907, 159715, 'semovientes'),
(2908, 159799, 'ajustes por inflacion < Derogado con el Decreto 1536 de 07/05/2007 >'),
(2909, 1598, 'Agotamiento acumulado'),
(2910, 159805, 'minas y canteras'),
(2911, 159815, 'pozos artesianos'),
(2912, 159820, 'yacimientos'),
(2913, 159899, 'ajustes por inflacion < Derogado con el Decreto 1536 de 07/05/2007 >'),
(2914, 1599, 'Proovisiones'),
(2915, 159904, 'terrenos'),
(2916, 159906, 'materiales proyectos petroleros'),
(2917, 159908, 'construcciones en curso'),
(2918, 159912, 'maquinaria en montaje'),
(2919, 159916, 'construcciones y edificaciones'),
(2920, 159920, 'maquinaria y equipo'),
(2921, 159924, 'equipo de oficina'),
(2922, 159928, 'equipo de computacion y comunicacion'),
(2923, 159932, 'equipo medico cientifico'),
(2924, 159936, 'equipo de hoteles y restaurantes'),
(2925, 159940, 'flota y equipo de transporte'),
(2926, 159944, 'flota y equipo fluvial y/o maritimo'),
(2927, 159948, 'flota y equipo aereo'),
(2928, 159952, 'Flota y equipo ferreo'),
(2929, 159956, 'acueductos, plantas y redes'),
(2930, 159960, 'armamento de vigilancia'),
(2931, 159962, 'envases y empaques'),
(2932, 159964, 'plantaciones agricolas y forestales'),
(2933, 159968, 'vias de comunicacion'),
(2934, 159972, 'minas y canteras'),
(2935, 159980, 'pozos artesianos'),
(2936, 159984, 'yacimientos'),
(2937, 159988, 'semovientes'),
(2938, 159992, 'propiedades planta y equipo en transito'),
(2939, 16, 'Intangibles'),
(2940, 1605, 'Credito mercantil'),
(2941, 160505, 'formado o estimado'),
(2942, 160510, 'adquirido o comprado'),
(2943, 160599, 'ajustes por inflacion < Derogado con el Decreto 1536 de 07/05/2007 >'),
(2944, 1610, 'Marcas'),
(2945, 161005, 'adquiridas'),
(2946, 161010, 'formadas'),
(2947, 161099, 'ajustes por inflacion < Derogado con el Decreto 1536 de 07/05/2007 >'),
(2948, 1615, 'Patentes'),
(2949, 161505, 'adquiridas'),
(2950, 161510, 'formadas'),
(2951, 161599, 'ajustes por inflacion < Derogado con el Decreto 1536 de 07/05/2007 >'),
(2952, 1620, 'Conncesiones y franquicias'),
(2953, 162005, 'concesiones'),
(2954, 162010, 'franquicias'),
(2955, 162099, 'ajustes por inflacion < Derogado con el Decreto 1536 de 07/05/2007 >'),
(2956, 1625, 'derechos'),
(2957, 162505, 'derechos de autor'),
(2958, 162510, 'puesto de bolsa'),
(2959, 162515, 'en fideicomisos inmobiliarios'),
(2960, 162520, 'en fideicomisos de garantia'),
(2961, 162525, 'en fideicomisos de administracion'),
(2962, 162595, 'otros'),
(2963, 162535, 'En bienes rcibidos en arrendamiento financiero (leasing)'),
(2964, 162599, 'ajustes por inflacion < Derogado con el Decreto 1536 de 07/05/2007 >'),
(2965, 1630, 'Know how'),
(2966, 163099, 'ajustes por inflacion < Derogado con el Decreto 1536 de 07/05/2007 >'),
(2967, 1635, 'Licencias'),
(2968, 163599, 'ajustes por inflacion < Derogado con el Decreto 1536 de 07/05/2007 >'),
(2969, 1698, 'Depreciación y/o amortizacion acumulada'),
(2970, 169805, 'credito mercantil'),
(2971, 169810, 'marcas'),
(2972, 169815, 'patentes'),
(2973, 169820, 'concesiones y franquicias'),
(2974, 169830, 'derechos'),
(2975, 169835, 'know how'),
(2976, 169840, 'licencias'),
(2977, 169899, 'ajustes por inflacion < Derogado con el Decreto 1536 de 07/05/2007 >'),
(2978, 1699, 'Provisiones'),
(2979, 17, 'Diferidos'),
(2980, 1705, 'Gastos pagados por anticipado'),
(2981, 170505, 'intereses'),
(2982, 170510, 'honorarios'),
(2983, 170515, 'comisiones'),
(2984, 170520, 'seguros y fianzas'),
(2985, 170525, 'arrendamientos'),
(2986, 170530, 'bodegajes'),
(2987, 170535, 'mantenimiento equipos'),
(2988, 170540, 'servicios'),
(2989, 170545, 'suscripciones'),
(2990, 170595, 'otros'),
(2991, 1710, 'Cargos diferidos'),
(2992, 171004, 'organizacion y preoperativos'),
(2993, 171008, 'remodelaciones'),
(2994, 171012, 'estudios, investigaciones y proyectos'),
(2995, 171016, 'programas para computador (software)'),
(2996, 171020, 'utiles y papeleria'),
(2997, 171024, 'mejoras a propiedades ajenas'),
(2998, 171028, 'contribuciones y afiliaciones'),
(2999, 171032, 'entrenamiento de personal'),
(3000, 171036, 'ferias y exposiciones'),
(3001, 171040, 'licencias'),
(3002, 171044, 'publicidad, propaganda y avisos'),
(3003, 171048, 'elementos de aseo y cafeteria'),
(3004, 171052, 'moldes y troqueles'),
(3005, 171056, 'instrumental quirurgico'),
(3006, 171060, 'dotacion y suministro a trabajadores'),
(3007, 171064, 'elementos de roperia y lenceria'),
(3008, 171068, 'loza y cristaleria'),
(3009, 171072, 'descuento en colocacion de bonos'),
(3010, 171076, 'impuesto de renta diferido “debitos” por diferencias temporales'),
(3011, 171080, 'concursos y licitaciones'),
(3012, 171095, 'otros'),
(3013, 171099, 'ajustes por inflacion'),
(3014, 1715, 'Costos de exploracion por amortizar'),
(3015, 171505, 'pozos secos'),
(3016, 171510, 'pozos no comerciales'),
(3017, 171515, 'otros costos de exploracion'),
(3018, 171599, 'ajustes por inflacion'),
(3019, 1720, 'costos de explotacion y desarrollo'),
(3020, 172005, 'perforacion y explotacion'),
(3021, 172010, 'perforaciones campos en desarrollo'),
(3022, 172015, 'facilidades de produccion'),
(3023, 172020, 'servicio a pozos'),
(3024, 172099, 'ajustes por inflacion < Derogado con el Decreto 1536 de 07/05/2007 >'),
(3025, 1730, ' cargos por correccion monetaria diferida < Derogado con el Decreto 1536 de 07/05/2007 >'),
(3026, 1798, 'amortizacion acumulada'),
(3027, 179805, 'costos de exploracion por amortizar'),
(3028, 179810, 'costos de explotacion y desarrollo'),
(3029, 179899, 'ajustes por inflacion < Derogado con el Decreto 1536 de 07/05/2007 >'),
(3030, 18, 'Otros activos'),
(3031, 1805, 'Bienes de arte y cultura'),
(3032, 180505, 'Obras de arte'),
(3033, 180510, 'bibliotecas'),
(3034, 180595, 'otros'),
(3035, 180599, 'ajustes por inflacion < Derogado con el Decreto 1536 de 07/05/2007 >'),
(3036, 1895, 'Diversos'),
(3037, 189505, 'maquinas porteadoras'),
(3038, 189510, 'bienes entregados en comodato'),
(3039, 189515, 'amortizacion acumulada de bienes entregados en comodato (cr)'),
(3040, 189520, 'bienes recibidos en pago'),
(3041, 189525, 'derechos sucesorales'),
(3042, 189530, 'estampillas'),
(3043, 189595, 'otros'),
(3044, 189599, 'ajustes por inflacion < Derogado con el Decreto 1536 de 07/05/2007 >'),
(3045, 1899, 'Provisiones'),
(3046, 189905, 'bienes de arte y cultura'),
(3047, 189995, 'diversos'),
(3048, 19, 'Valorizaciones'),
(3049, 1905, 'De inversiones'),
(3050, 190505, 'acciones'),
(3051, 190510, 'cuotas o partes de interes social'),
(3052, 190515, 'derechos fiduciarios'),
(3053, 1910, 'De propiedades planta y equipo'),
(3054, 191004, 'terrenos'),
(3055, 191006, 'materiales proyectos petroleros'),
(3056, 191008, 'construcciones y edificaciones'),
(3057, 191012, 'maquinaria y equipo'),
(3058, 191016, 'equipo de oficina'),
(3059, 191020, 'equipo de computacion y comunicacion'),
(3060, 191024, 'equipo medico cientifico'),
(3061, 191028, 'equipo de hoteles y restaurantes'),
(3062, 191032, 'flota y equipo de transporte'),
(3063, 191036, 'flota y equipo fluvial y/o maritimo'),
(3064, 191040, 'flota y equipo aereo'),
(3065, 191044, 'flota y equipo ferreo'),
(3066, 191048, 'acueductos plantas y redes'),
(3067, 191052, 'armamento de vigilancia'),
(3068, 191056, 'envases y empaques'),
(3069, 191060, 'plantaciones agricolas y forestales'),
(3070, 191064, 'vias de comunicacion'),
(3071, 191068, 'minas y canteras'),
(3072, 191072, 'pozos artesianos'),
(3073, 191076, 'yacimientos'),
(3074, 191080, 'semovientes'),
(3075, 1995, 'De otros activos'),
(3076, 199505, 'bienes de arte y cultura'),
(3077, 199510, 'bienes entregados en comoadato'),
(3078, 199515, 'bienes recibidos en pago'),
(3079, 199520, 'inventario de semovientes'),
(3080, 2, 'Pasivos'),
(3081, 21, 'Obligaciones financieras'),
(3082, 2105, 'Bancos nacionales'),
(3083, 210505, 'Sobregiros'),
(3084, 210510, 'Pagarés'),
(3085, 210515, 'Cartas de crédito'),
(3086, 210520, 'Aceptaciones bancarias'),
(3087, 2110, ' Bancos del exterior'),
(3088, 211005, 'Sobregiros'),
(3089, 211010, 'Pagarés'),
(3090, 211015, 'Cartas de crédito'),
(3091, 211020, 'Aceptaciones bancarias'),
(3092, 2115, 'Corporaciones financieras'),
(3093, 211505, 'Pagarés'),
(3094, 211510, 'Aceptaciones financieras'),
(3095, 211515, 'Cartas de crédito'),
(3096, 211520, 'Contratos de arrendamiento financiero (leasing)'),
(3097, 2120, 'Compañías de financiamiento comercial'),
(3098, 212005, 'Pagarés'),
(3099, 212010, 'Aceptaciones financieras'),
(3100, 212020, 'Contratos de arrendamiento financiero (leasing)'),
(3101, 2125, 'Corporaciones de ahorro y vivienda'),
(3102, 212505, 'Sobregiros'),
(3103, 212510, 'Pagarés'),
(3104, 212515, 'Hipotecarias'),
(3105, 2130, 'Entidades financieras del exterior'),
(3106, 2135, 'Compromisos de recompra de inversiones negociadas'),
(3107, 213505, 'Acciones'),
(3108, 213510, 'Cuotas o partes de interés social'),
(3109, 213515, 'Bonos'),
(3110, 213520, 'Cédulas'),
(3111, 213525, 'Certificados'),
(3112, 213530, 'Papeles comerciales'),
(3113, 213535, 'Títulos'),
(3114, 213540, 'Aceptaciones bancarias o financieras'),
(3115, 213595, 'Otros'),
(3116, 2140, 'Compromisos de recompra de cartera negociada'),
(3117, 2145, ' Obligaciones gubernamentales'),
(3118, 214505, 'Gobierno Nacional'),
(3119, 214510, 'Entidades oficiales'),
(3120, 2195, 'Otras obligaciones'),
(3121, 219505, 'Particulares'),
(3122, 219510, 'Compañías vinculadas'),
(3123, 219515, 'Casa matriz'),
(3124, 219520, 'Socios o accionistas'),
(3125, 219525, 'Fondos y cooperativas'),
(3126, 219530, 'Directores'),
(3127, 219595, 'Otras'),
(3128, 22, 'Proveedores'),
(3129, 2205, 'Nacionales'),
(3130, 2210, 'Del exterior'),
(3131, 2215, 'Cuentas corrientes comerciales'),
(3132, 2220, 'Casa matriz'),
(3133, 2225, 'Compañías vinculadas'),
(3134, 23, 'Cuentas por pagar'),
(3135, 2305, 'Cuentas corrientes comerciales'),
(3136, 2310, 'A casa matriz'),
(3137, 2315, 'A compañías vinculadas'),
(3138, 2320, 'A contratistas'),
(3139, 2330, 'Órdenes de compra por utilizar'),
(3140, 2335, 'Costos y gastos por pagar'),
(3141, 233505, 'Gastos financieros'),
(3142, 233510, 'Gastos legales'),
(3143, 233515, 'Libros, suscripciones, periódicos y revistas'),
(3144, 233520, 'Comisiones'),
(3145, 233525, 'Honorarios'),
(3146, 233530, 'Servicios técnicos'),
(3147, 233535, 'Servicios de mantenimiento'),
(3148, 233540, 'Arrendamientos'),
(3149, 233545, 'Transportes, fletes y acarreos'),
(3150, 233550, 'Servicios públicos'),
(3151, 233555, 'Seguros'),
(3152, 233560, 'Gastos de viaje'),
(3153, 233565, 'Gastos de representación y relaciones públicas'),
(3154, 233570, 'Servicios aduaneros'),
(3155, 233595, 'Otros'),
(3156, 2340, ' Instalamentos por pagar'),
(3157, 2350, 'Regalías por pagar'),
(3158, 235505, 'Accionistas'),
(3159, 2357, 'Dedas con directores'),
(3160, 2360, 'Dividendos o participaciones por pagar'),
(3161, 236005, 'Dividendos'),
(3162, 236010, 'Participaciones'),
(3163, 236505, 'Salarios y pagos laborales'),
(3164, 236510, 'Dividendos y/o participaciones'),
(3165, 236515, 'Honorarios'),
(3166, 236520, 'Comisiones'),
(3167, 236525, 'Servicios'),
(3168, 236530, 'Arrendamientos'),
(3169, 236535, 'Rendimientos financieros'),
(3170, 236540, 'Compras'),
(3171, 236545, 'Loterías, rifas, apuestas y similares'),
(3172, 236550, 'Por pagos al exterior'),
(3173, 236555, 'Por ingresos obtenidos en el exterior'),
(3174, 236560, 'Enajenación propiedades planta y equipo, personas naturales'),
(3175, 236565, 'Por impuesto de timbre'),
(3176, 236570, 'Otras retenciones y patrimonio'),
(3177, 236575, 'Autorretenciones'),
(3178, 2367, 'Impuesto a las ventas retenido'),
(3179, 2368, 'Impuesto de industria y comercio retenido'),
(3180, 2370, ' Retenciones y aportes de nómina'),
(3181, 237005, 'Aportes a entidades promotoras de salud, EPS'),
(3182, 237006, 'Aportes a administradoras de riesgos profesionales, ARP'),
(3183, 237015, 'Aportes al FIC'),
(3184, 237030, 'Libranzas'),
(3185, 237035, 'Sindicatos'),
(3186, 237040, 'Cooperativas'),
(3187, 237045, 'Fondos'),
(3188, 237095, 'Otros'),
(3189, 2375, 'Cuotas por devolver'),
(3190, 2380, 'Acreedores varios'),
(3191, 238005, 'Depositarios'),
(3192, 238010, 'Comisionistas de bolsas'),
(3193, 238015, 'Sociedad administradora-Fondos de inversión'),
(3194, 238020, 'Reintegros por pagar'),
(3195, 238025, 'Fondo de perseverancia'),
(3196, 238035, 'Donaciones asignadas por pagar'),
(3197, 238095, 'Otros'),
(3198, 24, 'Impuestos, gravámenes y tasas'),
(3199, 2404, 'De renta y complementarios'),
(3200, 240405, 'Vigencia fiscal corriente'),
(3201, 240410, 'Vigencias fiscales anteriores'),
(3202, 2408, 'Impuesto sobre las ventas por pagar'),
(3203, 2412, 'De industria y comercio'),
(3204, 241205, 'Vigencia fiscal corriente'),
(3205, 241210, 'Vigencias fiscales anteriores'),
(3206, 2416, 'A la propiedad raíz'),
(3207, 2420, 'Derechos sobre instrumentos públicos'),
(3208, 2424, 'De valorización'),
(3209, 242405, 'Vigencia fiscal corriente'),
(3210, 2428, 'De turismo'),
(3211, 2432, 'Tasa por utilización de puertos'),
(3212, 2436, 'De vehículos'),
(3213, 243605, 'Vigencia fiscal corriente'),
(3214, 2440, 'De espectáculos públicos'),
(3215, 2444, 'De hidrocarburos y minas'),
(3216, 244405, 'De hidrocarburos'),
(3217, 244410, 'De minas'),
(3218, 2448, 'Regalías e impuestos a la pequeña y mediana minería'),
(3219, 2456, 'A las importaciones'),
(3220, 2464, 'Delicores, cervezas y cigarrillos'),
(3221, 246405, 'De licores'),
(3222, 246410, 'De cervezas'),
(3223, 246415, 'De cigarrillos'),
(3224, 2468, 'Al sacrificio de ganado'),
(3225, 2472, 'Al azar y juegos '),
(3226, 2476, 'Gravámenes y regalías por utilización del suelo'),
(3227, 2495, ' Otros'),
(3228, 25, 'Obligaciones laborales'),
(3229, 2505, 'Salarios por pagar'),
(3230, 2510, 'Cesantías consolidadas'),
(3231, 251005, 'Ley laboral anterior'),
(3232, 251010, 'Ley 50 de 1990 y normas posteriores'),
(3233, 2515, ' Intereses sobre cesantías'),
(3234, 2520, 'Prima de servicios'),
(3235, 2525, 'Vacaciones consolidadas'),
(3236, 2530, 'Prestaciones extralegales'),
(3237, 253005, 'Primas'),
(3238, 253010, 'Auxilios'),
(3239, 253015, 'Dotación y suministro a trabajadores'),
(3240, 253020, 'Bonificaciones'),
(3241, 253025, 'Seguros'),
(3242, 253095, 'Otras'),
(3243, 2532, 'Pensiones por pagar'),
(3244, 2535, 'Cuotas partes pensiones de jubilación'),
(3245, 2540, ' Indemnizaciones laborales'),
(3246, 26, 'Pasivos estimados y provisiones'),
(3247, 2605, 'Para costos y gastos'),
(3248, 260505, 'Intereses'),
(3249, 260510, 'Comisiones'),
(3250, 260515, 'Honorarios'),
(3251, 260520, 'Servicios técnicos'),
(3252, 260525, 'Transportes, fletes y acarreos'),
(3253, 260530, 'Gastos de viaje'),
(3254, 260535, 'Servicios públicos'),
(3255, 260540, 'Regalías'),
(3256, 260545, 'Garantías'),
(3257, 260550, 'Materiales y repuestos'),
(3258, 260595, 'Otros'),
(3259, 2610, 'Para obligaciones laborales'),
(3260, 261005, 'Cesantías'),
(3261, 261010, 'Intereses sobre cesantías'),
(3262, 261015, 'Vacaciones'),
(3263, 261020, 'Prima de servicios'),
(3264, 261025, 'Prestaciones extralegales'),
(3265, 261030, 'Viáticos'),
(3266, 261095, 'Otras'),
(3267, 2615, 'Para obligaciones fiscales'),
(3268, 261505, 'De renta y complementarios'),
(3269, 261510, 'De industria y comercio'),
(3270, 261515, 'Tasa por utilización de puertos'),
(3271, 261520, 'De vehículos'),
(3272, 261525, 'De hidrocarburos y minas'),
(3273, 261595, 'Otros'),
(3274, 2620, ' Pensiones de jubilación'),
(3275, 262005, 'Cálculo actuarial pensiones de jubilación'),
(3276, 262010, 'Pensiones de jubilación por amortizar (DB)'),
(3277, 2625, 'Para obras de urbanismo'),
(3278, 262505, 'Acueducto y alcantarillado'),
(3279, 262510, 'Energía eléctrica'),
(3280, 262515, 'Teléfonos'),
(3281, 262595, 'Otros'),
(3282, 2630, 'Para mantenimiento y reparaciones'),
(3283, 263005, 'Terrenos'),
(3284, 263010, 'Construcciones y edificaciones'),
(3285, 263015, 'Maquinaria y equipo'),
(3286, 263020, 'Equipo de oficina'),
(3287, 263025, 'Equipo de computación y comunicación'),
(3288, 263030, 'Equipo médico-científico'),
(3289, 263035, 'Equipo de hoteles y restaurantes'),
(3290, 263040, 'Flota y equipo de transporte'),
(3291, 263045, 'Flota y equipo fluvial y/o marítimo'),
(3292, 263050, 'Flota y equipo aéreo'),
(3293, 263055, 'Flota y equipo férreo'),
(3294, 263060, 'Acueductos, plantas y redes'),
(3295, 263065, 'Armamento de vigilancia'),
(3296, 263070, 'Envases y empaques'),
(3297, 263075, 'Plantaciones agrícolas y forestales'),
(3298, 263080, 'Vías de comunicación'),
(3299, 263085, 'Pozos artesianos'),
(3300, 263095, 'Otros'),
(3301, 2635, 'Para contingencias'),
(3302, 263505, 'Multas y sanciones autoridades administrativas'),
(3303, 263510, 'Intereses por multas y sanciones'),
(3304, 263515, 'Reclamos'),
(3305, 263520, 'Laborales'),
(3306, 263525, 'Civiles'),
(3307, 263530, 'Penales'),
(3308, 263535, 'Administrativos'),
(3309, 263540, 'Comerciales'),
(3310, 263595, 'Otras'),
(3311, 2640, 'Para obligaciones de garantías'),
(3312, 2695, ' Provisiones diversas'),
(3313, 269505, 'Para beneficencia'),
(3314, 269510, 'Para comunicaciones'),
(3315, 269515, 'Para pérdida en transporte'),
(3316, 269520, 'Para operación'),
(3317, 269525, 'Para protección de bienes agotables'),
(3318, 269530, 'Para ajustes en redención de unidades'),
(3319, 269535, 'Autoseguro'),
(3320, 269540, 'Planes y programas de reforestación y electrificación'),
(3321, 269595, 'Otras'),
(3322, 27, ' Pasivos estimados y provisiones'),
(3323, 2705, 'Ingresos recibidos por anticipado'),
(3324, 270505, 'Intereses'),
(3325, 270510, 'Comisiones'),
(3326, 270515, 'Arrendamientos'),
(3327, 270520, 'Honorarios'),
(3328, 270525, 'Servicios técnicos'),
(3329, 270530, 'De suscriptores'),
(3330, 270535, 'Transportes, fletes y acarreos'),
(3331, 270540, 'Mercancía en tránsito ya vendida'),
(3332, 270545, 'Matrículas y pensiones'),
(3333, 270550, 'Cuotas de administración'),
(3334, 270595, 'Otros'),
(3335, 2710, 'Abonos diferidos'),
(3336, 271005, 'Reajuste del sistema'),
(3337, 2715, 'Utilidad diferida en ventas a plazos'),
(3338, 2720, 'Crédito por corrección monetaria diferida < Derogado con el Decreto 1536 de 07/05/2007 >'),
(3339, 2725, ' Impuestos diferidos'),
(3340, 272505, 'Por depreciación flexible'),
(3341, 272595, 'Diversos'),
(3342, 272599, 'Ajustes por inflación < Derogado con el Decreto 1536 de 07/05/2007 >'),
(3343, 28, 'Otros pasivos'),
(3344, 2805, 'Anticipos y avances recibidos'),
(3345, 280505, 'De clientes'),
(3346, 280510, 'Sobre contratos'),
(3347, 280515, 'Para obras en proceso'),
(3348, 280595, 'Otros'),
(3349, 2810, 'Depósitos recibidos'),
(3350, 281005, 'Para futura suscripción de acciones'),
(3351, 281010, 'Para futuro pago de cuotas o derechos sociales'),
(3352, 281015, 'Para garantía en la prestación de servicios'),
(3353, 281020, 'Para garantía de contratos'),
(3354, 281025, 'De licitaciones'),
(3355, 281030, 'De manejo de bienes'),
(3356, 281035, 'Fondo de reserva'),
(3357, 281095, 'Otros'),
(3358, 2815, ' Ingresos recibidos para terceros'),
(3359, 281505, 'Valores recibidos para terceros'),
(3360, 281510, 'Venta por cuenta de terceros'),
(3361, 2820, 'Cuentas de operación conjunta'),
(3362, 2825, 'Retenciones a terceros sobre contratos'),
(3363, 282505, 'Cumplimiento obligaciones laborales'),
(3364, 282510, 'Para estabilidad de obra'),
(3365, 282515, 'Garantía cumplimiento de contratos'),
(3366, 2830, ' Embargos judiciales'),
(3367, 283005, 'Indemnizaciones'),
(3368, 283010, 'Depósitos judiciales'),
(3369, 2835, 'Acreedores del sistema'),
(3370, 283505, 'Cuotas netas'),
(3371, 283510, 'Grupos en formación'),
(3372, 2840, 'Cuentas en participación'),
(3373, 2895, 'Diversos'),
(3374, 289505, 'Préstamos de productos'),
(3375, 289510, 'Reembolso de costos exploratorios'),
(3376, 289515, 'Programa de extensión agropecuaria'),
(3377, 29, 'Bonos y papeles comerciales'),
(3378, 2905, 'Bonos en circulación'),
(3379, 2910, 'Bonos obligatoriamente convertibles en acciones'),
(3380, 2915, 'Papeles comerciales'),
(3381, 2920, 'Bonos pensionales'),
(3382, 292005, 'Valor bonos pensionales'),
(3383, 292010, 'Bonos pensionales por amortizar (DB)'),
(3384, 292015, 'Intereses causados sobre bonos pensionales'),
(3385, 2925, 'Titulos pensionales'),
(3386, 292505, 'Valor títulos pensionales'),
(3387, 292510, 'Títulos pensionales por amortizar (DB)'),
(3388, 292515, 'Intereses causados sobre títulos pensionales'),
(3389, 3, 'Patrimonio'),
(3390, 31, 'Capital social'),
(3391, 3105, 'Capital suscrito y pagado'),
(3392, 310505, 'Capital autorizado'),
(3393, 310510, 'Capital por suscribir (DB)'),
(3394, 310515, 'Capital suscrito por cobrar (DB)'),
(3395, 3115, 'Aportes sociales'),
(3396, 311505, 'Cuotas o partes de interés social'),
(3397, 311510, 'Aportes de socios-fondo mutuo de inversión'),
(3398, 311515, 'Contribución de la empresa-fondo mutuo de inversión'),
(3399, 311520, 'Suscripciones del público'),
(3400, 3120, 'Capital asignado'),
(3401, 3125, 'Inversión suplementaria al capital asignado'),
(3402, 3130, 'Capital de personas naturales'),
(3403, 3135, 'Aportes del Estado'),
(3404, 3140, ' Fondo social'),
(3405, 32, 'Superávit de capital'),
(3406, 3205, 'Prima en colocación de acciones, cuotas o partes de interés social'),
(3407, 320505, 'Prima en colocación de acciones'),
(3408, 320510, 'Prima en colocación de acciones por cobrar (DB)'),
(3409, 320515, 'Prima en colocación de cuotas o partes de interés social'),
(3410, 3210, 'Donaciones'),
(3411, 321005, 'En dinero'),
(3412, 321010, 'En valores mobiliarios'),
(3413, 321015, 'En bienes muebles'),
(3414, 321020, 'En bienes inmuebles'),
(3415, 321025, 'En intangibles'),
(3416, 3215, 'Crédito mercantil'),
(3417, 3220, ' Know how'),
(3418, 3225, 'Superávit método de participación'),
(3419, 322505, 'De acciones'),
(3420, 322510, 'De cuotas o partes de interés social'),
(3421, 33, 'Reservas'),
(3422, 3305, 'Reservas obligatorias'),
(3423, 330505, 'Reserva legal'),
(3424, 330510, 'Reservas por disposiciones fiscales'),
(3425, 330515, 'Reserva para readquisición de acciones'),
(3426, 330516, 'Acciones propias readquiridas (DB)'),
(3427, 330517, 'Reserva para readquisición de cuotas o partes de interés social'),
(3428, 330518, 'Cuotas o partes de interés social propias readquiridas (DB)'),
(3429, 330520, 'Reserva para extensión agropecuaria'),
(3430, 330525, 'Reserva Ley 7ª de 1990'),
(3431, 330530, 'Reserva para reposición de semovientes'),
(3432, 330535, 'Reserva Ley 4ª de 1980'),
(3433, 330595, 'Otras'),
(3434, 3310, ' Reservas estatutarias'),
(3435, 331005, 'Para futuras capitalizaciones'),
(3436, 331010, 'Para reposición de activos'),
(3437, 331015, 'Para futuros ensanches'),
(3438, 331095, 'Otras'),
(3439, 3315, 'Reservas ocasionales'),
(3440, 331505, 'Para beneficencia y civismo'),
(3441, 331510, 'Para futuras capitalizaciones'),
(3442, 331515, 'Para futuros ensanches'),
(3443, 331520, 'Para adquisición o reposición de propiedades, planta y equipo'),
(3444, 331525, 'Para investigaciones y desarrollo'),
(3445, 331530, 'Para fomento económico'),
(3446, 331535, 'Para capital de trabajo'),
(3447, 331540, 'Para estabilización de rendimientos'),
(3448, 331545, 'A disposición del máximo órgano social'),
(3449, 331595, 'Otras'),
(3450, 34, 'Revalorización del patrimonio'),
(3451, 3405, 'Ajustes por inflación < Derogado con el Decreto 1536 de 07/05/2007 >'),
(3452, 340505, 'De capital social < Derogado con el Decreto 1536 de 07/05/2007 >'),
(3453, 340510, 'De superávit de capital < Derogado con el Decreto 1536 de 07/05/2007 >'),
(3454, 340515, 'De reservas < Derogado con el Decreto 1536 de 07/05/2007 >'),
(3455, 340520, 'De resultados de ejercicios anteriores < Derogado con el Decreto 1536 de 07/05/2007 >'),
(3456, 340525, 'De activos en período improductivo < Derogado con el Decreto 1536 de 07/05/2007 >'),
(3457, 340530, 'De saneamiento fiscal'),
(3458, 340535, 'De ajustes Decreto 3019 de 1989'),
(3459, 340540, 'De dividendos y participaciones decretadas en acciones, cuotas o partes de interés social'),
(3460, 340545, 'Superávit método de participación'),
(3461, 3410, 'Saneamiento fiscal'),
(3462, 3415, 'Ajustes por inflación Decreto 3019 de 1989'),
(3463, 35, 'Dividendos o participaciones decretados en acciones, cuotas o partes de interés social'),
(3464, 3505, 'Dividendos decretados en acciones'),
(3465, 3510, 'Participaciones decretadas en cuotas o partes de interés social'),
(3466, 36, 'Resultados del ejercicio'),
(3467, 3605, 'Utilidad del ejercicio'),
(3468, 3610, 'Pérdida del ejercicio'),
(3469, 37, 'Resultados de ejercicios anteriores'),
(3470, 3705, 'Utilidades acumuladas'),
(3471, 3710, 'Pérdidas acumuladas'),
(3472, 38, 'Superávit por valorizaciones'),
(3473, 3805, 'De inversiones'),
(3474, 380505, 'Acciones'),
(3475, 380510, 'Cuotas o partes de interés social'),
(3476, 380515, 'Derechos fiduciarios'),
(3477, 3810, 'De propiedades, planta y equipo'),
(3478, 381004, 'Terrenos'),
(3479, 381006, 'Materiales proyectos petroleros'),
(3480, 381008, 'Construcciones y edificaciones'),
(3481, 381012, 'Maquinaria y equipo'),
(3482, 381016, 'Equipo de oficina'),
(3483, 381020, 'Equipo de computación y comunicación'),
(3484, 381024, 'Equipo médico-científico'),
(3485, 381028, 'Equipo de hoteles y restaurantes'),
(3486, 381032, 'Flota y equipo de transporte'),
(3487, 381036, 'Flota y equipo fluvial y/o marítimo'),
(3488, 381040, 'Flota y equipo aéreo'),
(3489, 381044, 'Flota y equipo férreo'),
(3490, 381048, 'Acueductos, plantas y redes'),
(3491, 381052, 'Armamento de vigilancia'),
(3492, 381056, 'Envases y empaques'),
(3493, 381060, 'Plantaciones agrícolas y forestales'),
(3494, 381064, 'Vías de comunicación'),
(3495, 381068, 'Minas y canteras'),
(3496, 381072, 'Pozos artesianos'),
(3497, 381076, 'Yacimientos'),
(3498, 381080, 'Semovientes'),
(3499, 3895, 'De otros activos'),
(3500, 389505, 'Bienes de arte y cultura'),
(3501, 389510, 'Bienes entregados en comodato'),
(3502, 389515, 'Bienes recibidos en pago'),
(3503, 389520, 'Inventario de semovientes'),
(3504, 4, 'Ingresos'),
(3505, 41, 'Operacionales'),
(3506, 4105, ' Agricultura, ganadería, caza y silvicultura'),
(3507, 410505, 'Cultivo de cereales'),
(3508, 410510, 'Cultivos de hortalizas, legumbres y plantas ornamentales'),
(3509, 410515, 'Cultivos de frutas, nueces y plantas aromáticas'),
(3510, 410520, 'Cultivo de café'),
(3511, 410525, 'Cultivo de flores'),
(3512, 410530, 'Cultivo de caña de azúcar'),
(3513, 410535, 'Cultivo de algodón y plantas para material textil'),
(3514, 410540, 'Cultivo de banano'),
(3515, 410545, 'Otros cultivos agrícolas'),
(3516, 410550, 'Cría de ovejas, cabras, asnos, mulas y burdéganos'),
(3517, 410555, 'Cría de ganado caballar y vacuno'),
(3518, 410560, 'Producción avícola'),
(3519, 410565, 'Cría de otros animales'),
(3520, 410570, 'Servicios agrícolas y ganaderos'),
(3521, 410575, 'Actividad de caza'),
(3522, 410580, 'Actividad de silvicultura'),
(3523, 410595, 'Actividades conexas'),
(3524, 4110, 'Pesca'),
(3525, 411005, 'Actividad de pesca'),
(3526, 411010, 'Explotación de criaderos de peces'),
(3527, 411095, 'Actividades conexas'),
(3528, 4115, 'Explotación de minas y canteras'),
(3529, 411505, 'Carbón'),
(3530, 411510, 'Petróleo crudo'),
(3531, 411512, 'Gas natural'),
(3532, 411514, 'Servicios relacionados con extracción de petróleo y gas'),
(3533, 411515, 'Minerales de hierro'),
(3534, 411520, 'Minerales metalíferos no ferrosos'),
(3535, 411525, 'Piedra, arena y arcilla'),
(3536, 411527, 'Piedras preciosas'),
(3537, 411528, 'Oro'),
(3538, 411530, 'Otras minas y canteras'),
(3539, 411532, 'Prestación de servicios sector minero'),
(3540, 411595, 'Actividades conexas'),
(3541, 4120, 'Industrias manufactureras'),
(3542, 412001, 'Producción y procesamiento de carnes y productos cárnicos'),
(3543, 412002, 'Productos de pescado'),
(3544, 412003, 'Productos de frutas, legumbres y hortalizas'),
(3545, 412004, 'Elaboración de aceites y grasas'),
(3546, 412005, 'Elaboración de productos lácteos'),
(3547, 412006, 'Elaboración de productos de molinería'),
(3548, 412007, 'Elaboración de almidones y derivados'),
(3549, 412008, 'Elaboración de alimentos para animales'),
(3550, 412009, 'Elaboración de productos para panadería'),
(3551, 412010, 'Elaboración de azúcar y melazas'),
(3552, 412011, 'Elaboración de cacao, chocolate y confitería'),
(3553, 412012, 'Elaboración de pastas y productos farináceos'),
(3554, 412013, 'Elaboración de productos de café'),
(3555, 412014, 'Elaboración de otros productos alimenticios'),
(3556, 412015, 'Elaboración de bebidas alcohólicas y alcohol etílico'),
(3557, 412016, 'Elaboración de vinos'),
(3558, 412017, 'Elaboración de bebidas malteadas y de malta'),
(3559, 412018, 'Elaboración de bebidas no alcohólicas'),
(3560, 412019, 'Elaboración de productos de tabaco'),
(3561, 412020, 'Preparación e hilatura de fibras textiles y tejeduría'),
(3562, 412021, 'Acabado de productos textiles'),
(3563, 412022, 'Elaboración de artículos de materiales textiles'),
(3564, 412023, 'Elaboración de tapices y alfombras'),
(3565, 412024, 'Elaboración de cuerdas, cordeles, bramantes y redes'),
(3566, 412025, 'Elaboración de otros productos textiles'),
(3567, 412026, 'Elaboración de tejidos'),
(3568, 412027, 'Elaboración de prendas de vestir'),
(3569, 412028, 'Preparación, adobo y teñido de pieles'),
(3570, 412029, 'Curtido, adobo o preparación de cuero'),
(3571, 412030, 'Elaboración de maletas, bolsos y similares'),
(3572, 412031, 'Elaboración de calzado'),
(3573, 412032, 'Producción de madera, artículos de madera y corcho'),
(3574, 412033, 'Elaboración de pasta y productos de madera, papel y cartón'),
(3575, 412034, 'Ediciones y publicaciones'),
(3576, 412035, 'Impresión'),
(3577, 412036, 'Servicios relacionados con la edición y la impresión'),
(3578, 412037, 'Reproducción de grabaciones'),
(3579, 412038, 'Elaboración de productos de horno de coque'),
(3580, 412039, 'Elaboración de productos de la refinación de petróleo'),
(3581, 412040, 'Elaboración de sustancias químicas básicas'),
(3582, 412041, 'laboración de abonos y compuestos de nitrógeno');
INSERT INTO `puc` (`idpuc`, `codpuc`, `nombrepuc`) VALUES
(3583, 412042, 'Elaboración de plástico y caucho sintético'),
(3584, 412043, 'Elaboración de productos químicos de uso agropecuario'),
(3585, 412044, 'Elaboración de pinturas, tintas y masillas'),
(3586, 412045, 'Elaboración de productos farmacéuticos y botánicos'),
(3587, 412046, 'Elaboración de jabones, detergentes y preparados de tocador'),
(3588, 412047, 'Elaboración de otros productos químicos'),
(3589, 412048, 'Elaboración de fibras'),
(3590, 412049, 'Elaboración de otros productos de caucho'),
(3591, 412050, 'Elaboración de productos de plástico'),
(3592, 412051, 'Elaboración de vidrio y productos de vidrio'),
(3593, 412052, 'Elaboración de productos de cerámica, loza, piedra, arcilla y porcelana'),
(3594, 412053, 'Elaboración de cemento, cal y yeso'),
(3595, 412054, 'Elaboración de artículos de hormigón, cemento y yeso'),
(3596, 412055, 'Corte, tallado y acabado de la piedra'),
(3597, 412056, 'Elaboración de otros productos minerales no metálicos'),
(3598, 412057, 'Industrias básicas y fundición de hierro y acero'),
(3599, 412058, 'Productos primarios de metales preciosos y de metales no ferrosos'),
(3600, 412059, 'Fundición de metales no ferrosos'),
(3601, 412060, 'Fabricación de productos metálicos para uso estructural'),
(3602, 412061, 'Forja, prensado, estampado, laminado de metal y pulvimetalurgia'),
(3603, 412062, 'Revestimiento de metales y obras de ingeniería mecánica'),
(3604, 412063, 'Fabricación de artículos de ferretería'),
(3605, 412064, 'Elaboración de otros productos de metal'),
(3606, 412065, 'Fabricación de maquinaria y equipo'),
(3607, 412066, 'Fabricación de equipos de elevación y manipulación'),
(3608, 412067, 'Elaboración de aparatos de uso doméstico'),
(3609, 412068, 'Elaboración de equipo de oficina'),
(3610, 412069, 'Elaboración de pilas y baterías primarias'),
(3611, 412070, 'Elaboración de equipo de iluminación'),
(3612, 412071, 'Elaboración de otros tipos de equipo eléctrico'),
(3613, 412072, 'Fabricación de equipos de radio, televisión y comunicaciones'),
(3614, 412073, 'Fabricación de aparatos e instrumentos médicos'),
(3615, 412074, 'Fabricación de instrumentos de medición y control'),
(3616, 412075, 'Fabricación de instrumentos de óptica y equipo fotográfico'),
(3617, 412076, 'Fabricación de relojes'),
(3618, 412077, 'Fabricación de vehículos automotores'),
(3619, 412078, 'Fabricación de carrocerías para automotores'),
(3620, 412079, 'Fabricación de partes piezas y accesorios para automotores'),
(3621, 412080, 'Fabricación y reparación de buques y otras embarcaciones'),
(3622, 412081, 'Fabricación de locomotoras y material rodante para ferrocarriles'),
(3623, 412082, 'Fabricación de aeronaves'),
(3624, 412083, 'Fabricación de motocicletas'),
(3625, 412084, 'Fabricación de bicicletas y sillas de ruedas'),
(3626, 412085, 'Fabricación de otros tipos de transporte'),
(3627, 412086, 'Fabricación de muebles'),
(3628, 412087, 'Fabricación de joyas y artículos conexos'),
(3629, 412088, 'Fabricación de instrumentos de música'),
(3630, 412089, 'Fabricación de artículos y equipo para deporte'),
(3631, 412090, 'Fabricación de juegos y juguetes'),
(3632, 412091, 'Reciclamiento de desperdicios'),
(3633, 412095, 'Productos de otras industrias manufactureras'),
(3634, 4125, 'Suministro de electricidad, gas y agua'),
(3635, 412505, 'Generación, captación y distribución de energía eléctrica'),
(3636, 412510, 'Fabricación de gas y distribución de combustibles gaseosos'),
(3637, 412515, 'Captación, depuración y distribución de agua'),
(3638, 412595, 'Actividades conexas'),
(3639, 4130, 'Construcción                                                www.aldiaempresarios.com'),
(3640, 413005, 'Preparación de terrenos'),
(3641, 413010, 'Construcción de edificios y obras de ingeniería civil'),
(3642, 413015, 'Acondicionamiento de edificios'),
(3643, 413020, 'Terminación de edificaciones'),
(3644, 413025, 'Alquiler de equipo con operarios'),
(3645, 413095, 'Actividades conexas'),
(3646, 4135, 'Comercio al por mayor y al por menor                      www.aldiaempresarios.com'),
(3647, 413502, 'Venta de vehículos automotores'),
(3648, 413504, 'Mantenimiento, reparación y lavado de vehículos automotores'),
(3649, 413506, 'Venta de partes, piezas y accesorios de vehículos automotores'),
(3650, 413508, 'Venta de combustibles sólidos, líquidos, gaseosos'),
(3651, 413510, 'Venta de lubricantes, aditivos, llantas y lujos para automotores'),
(3652, 413512, 'Venta a cambio de retribución o por contrata'),
(3653, 413514, 'Venta de insumos, materias primas agropecuarias y flores'),
(3654, 413516, 'Venta de otros insumos y materias primas no agropecuarias'),
(3655, 413518, 'Venta de animales vivos y cueros'),
(3656, 413520, 'Venta de productos en almacenes no especializados'),
(3657, 413522, 'Venta de productos agropecuarios'),
(3658, 413524, 'Venta de productos textiles, de vestir, de cuero y calzado'),
(3659, 413526, 'Venta de papel y cartón'),
(3660, 413528, 'Venta de libros, revistas, elementos de papelería, útiles y textos escolares'),
(3661, 413530, 'Venta de juegos, juguetes y artículos deportivos'),
(3662, 413532, 'Venta de instrumentos quirúrgicos y ortopédicos'),
(3663, 413534, 'Venta de artículos en relojerías y joyerías'),
(3664, 413536, 'Venta de electrodomésticos y muebles'),
(3665, 413538, 'Venta de productos de aseo, farmacéuticos, medicinales, y artículos de tocador'),
(3666, 413540, 'Venta de cubiertos, vajillas, cristalería, porcelanas, cerámicas y otros artículos de uso doméstico'),
(3667, 413542, 'Venta de materiales de construcción, fontanería y calefacción'),
(3668, 413544, 'Venta de pinturas y lacas'),
(3669, 413546, 'Venta de productos de vidrios y marquetería'),
(3670, 413548, 'Venta de herramientas y artículos de ferretría'),
(3671, 413550, 'Venta de químicos'),
(3672, 413552, 'Venta de productos intermedios, desperdicios y desechos'),
(3673, 413554, 'Venta de maquinaria, equipo de oficina y programas de computador'),
(3674, 413556, 'Venta de artículos en cacharrerías y misceláneas'),
(3675, 413558, 'Venta de instrumentos musicales'),
(3676, 413560, 'Venta de artículos en casas de empeño y prenderías'),
(3677, 413562, 'Venta de equipo fotográfico'),
(3678, 413564, 'Venta de equipo óptico y de precisión'),
(3679, 413566, 'Venta de empaques'),
(3680, 413568, 'Venta de equipo profesional y científico'),
(3681, 413570, 'Venta de loterías, rifas, chance, apuestas y similares'),
(3682, 413572, 'Reparación de efectos personales y electrodomésticos'),
(3683, 413595, 'Venta de otros productos'),
(3684, 4140, 'Hoteles y restaurantes'),
(3685, 414005, 'Hotelería'),
(3686, 414010, 'Campamento y otros tipos de hospedaje'),
(3687, 414015, 'Restaurantes'),
(3688, 414020, 'Bares y cantinas'),
(3689, 414095, 'Actividades conexas'),
(3690, 4145, 'Transporte, almacenamiento y comunicaciones'),
(3691, 414505, 'Servicio de transporte por carretera'),
(3692, 414510, 'Servicio de transporte por vía férrea'),
(3693, 414515, 'Servicio de transporte por vía acuática'),
(3694, 414520, 'Servicio de transporte por vía aérea'),
(3695, 414525, 'Servicio de transporte por tuberías'),
(3696, 414530, 'Manipulación de carga'),
(3697, 414535, 'Almacenamiento y depósito'),
(3698, 414540, 'Servicios complementarios para el transporte'),
(3699, 414545, 'Agencias de viaje'),
(3700, 414550, 'Otras agencias de transporte'),
(3701, 414555, 'Servicio postal y de correo'),
(3702, 414560, 'Servicio telefónico'),
(3703, 414565, 'Servicio de telégrafo'),
(3704, 414570, 'Servicio de transmisión de datos'),
(3705, 414575, 'Servicio de radio y televisión por cable'),
(3706, 414580, 'Transmisión de sonido e imágenes por contrato'),
(3707, 414595, 'Actividades conexas'),
(3708, 4150, 'Actividad financiera'),
(3709, 415005, 'Venta de inversiones'),
(3710, 415010, 'Dividendos de sociedades anónimas y/o asimiladas'),
(3711, 415015, 'Participaciones de sociedades limitadas y/o asimiladas'),
(3712, 415020, 'Intereses'),
(3713, 415025, 'Reajuste monetario-UPAC'),
(3714, 415030, 'Comisiones'),
(3715, 415035, 'Operaciones de descuento'),
(3716, 415040, 'Cuotas de inscripción-consorcios'),
(3717, 415045, 'Cuotas de administración-consorcios'),
(3718, 415050, 'Reajuste del sistema-consorcios'),
(3719, 415055, 'Consorcios'),
(3720, 415060, 'Cuotas de ingreso o retiro-sociedad administradora'),
(3721, 415065, 'Servicios a comisionistas'),
(3722, 415070, 'Inscripciones y cuotas'),
(3723, 415075, 'Recuperación de garantías'),
(3724, 415080, 'Ingresos método de participación'),
(3725, 415095, 'Actividades conexas'),
(3726, 4155, ' Actividades inmobiliarias, empresariales y de alquiler'),
(3727, 415505, 'Arrendamientos de bienes inmuebles'),
(3728, 415510, 'Inmobiliarias por retribución o contrata'),
(3729, 415515, 'Alquiler equipo de transporte'),
(3730, 415520, 'Alquiler maquinaria y equipo'),
(3731, 415525, 'Alquiler de efectos personales y enseres domésticos'),
(3732, 415530, 'Consultoría en equipo y programas de informática'),
(3733, 415535, 'Procesamiento de datos'),
(3734, 415540, 'Mantenimiento y reparación de maquinaria de oficina'),
(3735, 415545, 'nvestigaciones científicas y de desarrollo'),
(3736, 415550, 'Actividades empresariales de consultoría'),
(3737, 415555, 'Publicidad'),
(3738, 415560, 'Dotación de personal'),
(3739, 415565, 'Investigación y seguridad'),
(3740, 415570, 'Limpieza de inmuebles'),
(3741, 415575, 'Fotografía'),
(3742, 415580, 'Envase y empaque'),
(3743, 415585, 'Fotocopiado'),
(3744, 415590, 'Mantenimiento y reparación de maquinaria y equipo'),
(3745, 415595, 'Actividades conexas'),
(3746, 4160, 'Enseñanza'),
(3747, 416005, 'Actividades relacionadas con la educación'),
(3748, 416095, 'Actividades conexas'),
(3749, 4165, 'Servicios sociales y de salud'),
(3750, 416505, 'Servicio hospitalario'),
(3751, 416510, 'Servicio médico'),
(3752, 416515, 'Servicio odontológico'),
(3753, 416520, 'Servicio de laboratorio'),
(3754, 416525, 'Actividades veterinarias'),
(3755, 416530, 'Actividades de servicios sociales'),
(3756, 416595, 'Actividades conexas'),
(3757, 4170, 'Otras actividades de servicios comunitarios, sociales y personales'),
(3758, 417005, 'Eliminación de desperdicios y aguas residuales'),
(3759, 417010, 'Actividades de asociación'),
(3760, 417015, 'Producción y distribución de filmes y videocintas'),
(3761, 417020, 'Exhibición de filmes y videocintas'),
(3762, 417025, 'Actividad de radio y televisión'),
(3763, 417030, 'Actividad teatral, musical y artística'),
(3764, 417035, 'Grabación y producción de discos'),
(3765, 417040, 'Entretenimiento y esparcimiento'),
(3766, 417045, 'Agencias de noticias'),
(3767, 417050, 'Lavanderías y similares'),
(3768, 417055, 'Peluquerías y similares'),
(3769, 417060, 'Servicios funerarios'),
(3770, 417065, 'Zonas francas'),
(3771, 417095, 'Actividades conexas'),
(3772, 4175, 'Devoluciones en ventas (DB)'),
(3773, 42, 'No operacionales'),
(3774, 4205, ' Otras ventas'),
(3775, 420505, 'Materia prima'),
(3776, 420510, 'Material de desecho'),
(3777, 420515, 'Materiales varios'),
(3778, 420520, 'productos de diversificacion'),
(3779, 420525, 'excedentes de exportacion'),
(3780, 420530, 'envases y empaques'),
(3781, 420535, 'productos agricolas'),
(3782, 420540, 'de propaganda'),
(3783, 420545, 'productos en remate'),
(3784, 420550, 'combustibles y lubricantes'),
(3785, 4210, 'Financieros'),
(3786, 421005, 'intereses'),
(3787, 421010, 'reajuste monetario – upac'),
(3788, 421015, 'descuentos amortizados'),
(3789, 421020, 'diferencia en cambio'),
(3790, 421025, 'financiacion vehiculos'),
(3791, 421030, 'financiacion sistemas de viajes'),
(3792, 421035, 'aceptaciones bancarias'),
(3793, 421040, 'descuentos comerciales condicionados'),
(3794, 421045, 'descuentos bancarios'),
(3795, 421050, 'comisiones cheques de otras plazas'),
(3796, 421055, 'multas y recargos'),
(3797, 421060, 'sanciones cheques devueltos'),
(3798, 421095, 'otros'),
(3799, 4215, 'Dividendos y participaciones'),
(3800, 421505, 'de sociedades anonimas y/o asimiladas'),
(3801, 421510, 'de sociedades limitadas y/o asimiladas'),
(3802, 4218, 'Ingresos metodos de participación'),
(3803, 421805, 'De sociedades Anonimas y/o asimiladas'),
(3804, 421810, 'De sociedades Anonimas y/o asimiladas'),
(3805, 4220, 'Arrendamientos'),
(3806, 422005, 'terrenos'),
(3807, 422010, 'construcciones y edificios'),
(3808, 422015, 'maquinaria y equipo'),
(3809, 422020, 'equipo de oficina'),
(3810, 422025, 'equipo de computacion y comunicacion'),
(3811, 422030, 'equipo medico – cientifico'),
(3812, 422035, 'equipo de hoteles y restaurantes'),
(3813, 422040, 'flota y equipo de transporte'),
(3814, 422045, 'flota y equipo fluvial y/o maritimo'),
(3815, 422050, 'flota y equipo aereo'),
(3816, 422055, 'flota y equipo ferreo'),
(3817, 422060, 'acueductos plantas y redes'),
(3818, 422062, 'envases y empaques'),
(3819, 422065, 'plantaciones agricolas y forestales'),
(3820, 422070, 'aerodromos'),
(3821, 422075, 'semovientes'),
(3822, 4225, 'Comisiones'),
(3823, 422505, 'sobre inversiones'),
(3824, 422510, 'de concesionarios'),
(3825, 422515, 'de actividades financieras'),
(3826, 422520, 'por venta de servicios de taller'),
(3827, 422525, 'por venta de seguros'),
(3828, 422530, 'por ingresos para terceros'),
(3829, 422535, 'por distribucion de peliculas'),
(3830, 422540, 'derechos de autor'),
(3831, 422545, 'derechos de programacion'),
(3832, 4230, 'Honorarios'),
(3833, 423005, 'asesorias'),
(3834, 423010, 'asistencia tecnica'),
(3835, 423015, 'administracion de vinculadas'),
(3836, 4235, 'Servicios'),
(3837, 423505, 'de bascula'),
(3838, 423510, 'de transporte'),
(3839, 423515, 'de prensa'),
(3840, 423520, 'administrativos'),
(3841, 423525, 'tecnicos'),
(3842, 423530, 'de computacion'),
(3843, 423535, 'de telefax'),
(3844, 423540, 'taller de vehiculos'),
(3845, 423545, 'de recepcion de aeronaves'),
(3846, 423550, 'de transporte programa gas natural'),
(3847, 423555, 'por contratos'),
(3848, 423560, 'de trillla'),
(3849, 423565, 'de mantenimiento'),
(3850, 423570, 'al personal'),
(3851, 423575, 'de casino'),
(3852, 423580, 'fletes'),
(3853, 423585, 'entre compañias'),
(3854, 423595, 'otros'),
(3855, 4240, 'Utilidad en venta de inversiones'),
(3856, 424005, 'acciones'),
(3857, 424010, 'cuotas o partes de interes social'),
(3858, 424015, 'bonos'),
(3859, 424020, 'cedulas'),
(3860, 424025, 'certificados'),
(3861, 424030, 'papeles comerciales'),
(3862, 424035, 'titulos'),
(3863, 424045, 'derechos fiduciarios'),
(3864, 424050, 'obligatorias'),
(3865, 424095, 'otras'),
(3866, 4245, 'Utilidad en venta de propiedades planta y equipo'),
(3867, 424504, 'terrenos'),
(3868, 424506, 'materiales industria petrolera'),
(3869, 424508, 'construcciones en curso'),
(3870, 424512, 'maquinaria en montaje'),
(3871, 424516, 'construcciones y edificaciones'),
(3872, 424520, 'maquinaria y equipo'),
(3873, 424524, 'equipo de oficina'),
(3874, 424528, 'equipo de computacion y comunicacion'),
(3875, 424532, 'equipo medico – cientifico'),
(3876, 424536, 'equipo de hoteles y restaurantes'),
(3877, 424540, 'flota y equipo de transporte'),
(3878, 424544, 'flota y equipo fluvial y/o maritimo'),
(3879, 424548, 'flota y equipo aereo'),
(3880, 424552, 'flota y equipo ferreo'),
(3881, 424556, 'acueductos plantas y redes'),
(3882, 424560, 'armamento de vigilancia'),
(3883, 424562, 'envases y empaques'),
(3884, 424564, 'plantaciones agricolas y forestales'),
(3885, 424568, 'vias de comunicacion'),
(3886, 424572, 'minas y canteras'),
(3887, 424580, 'pozos artesianos'),
(3888, 424584, 'yacimientos'),
(3889, 424588, 'semovientes'),
(3890, 4248, 'Utilidad en venta de otros bienes'),
(3891, 424805, 'intangibles'),
(3892, 424810, 'otros activos'),
(3893, 4250, 'recuperaciones'),
(3894, 425005, 'deudas malas'),
(3895, 425010, 'seguros'),
(3896, 425015, 'reclamos'),
(3897, 425020, 'reintegro por personal en comision'),
(3898, 425025, 'reintegro garantias'),
(3899, 425030, 'descuentos concedidos'),
(3900, 425035, 'reintegro provisiones'),
(3901, 425040, 'gastos bancarios'),
(3902, 425045, 'de depreciacion'),
(3903, 425050, 'reintegro de otros costos y gastos'),
(3904, 4255, 'Indemnizaciones'),
(3905, 425505, 'por siniestro'),
(3906, 425510, 'por suministros'),
(3907, 425515, 'lucro cesante compañias de seguros'),
(3908, 425520, 'daño emergente compañias de seguros'),
(3909, 425525, 'por perdida de mercancia'),
(3910, 425530, 'por incumplimiento de contratos'),
(3911, 425535, 'de terceros'),
(3912, 425540, 'por incapacidades i.s.s.'),
(3913, 425595, 'otras'),
(3914, 4260, 'participaciones en concesiones'),
(3915, 4265, ' Ingresos de ejercicios anteriores'),
(3916, 4275, 'Devoluciones, rebajas y descuentos en otras ventas (db)'),
(3917, 427599, 'ajustes por inflacion'),
(3918, 4295, 'Diversos'),
(3919, 429503, 'cert'),
(3920, 429505, 'aprovechamientos'),
(3921, 429507, 'auxilios'),
(3922, 429509, 'Subvenciones'),
(3923, 429511, 'ingresos por investigacion y desarrollo'),
(3924, 429513, 'por trabajos ejecutados'),
(3925, 429515, 'regalias'),
(3926, 429517, 'derivados de las exportaciones'),
(3927, 429519, 'otros ingresos de explotacion'),
(3928, 429521, 'de la actividad ganadera'),
(3929, 429525, 'derechos y licitaciones'),
(3930, 429530, 'ingresos por elementos perdidos'),
(3931, 429533, 'multas y recargos'),
(3932, 429535, 'preavisos descontados'),
(3933, 429537, 'reclamos'),
(3934, 429540, 'recobro de daños'),
(3935, 429543, 'premios'),
(3936, 429545, 'bonificaciones'),
(3937, 429547, 'productos descontados'),
(3938, 429549, 'reconocimientos i.s.s.'),
(3939, 429551, 'excedentes'),
(3940, 429553, 'sobrantes de caja menor'),
(3941, 429555, 'sobrantes en liquidacion fletes'),
(3942, 429557, 'subsidios estatales'),
(3943, 429559, 'capacitacion distribuidores'),
(3944, 429561, 'de escrituracion'),
(3945, 429563, 'registro promesas de venta'),
(3946, 429567, 'utiles, papeleria y fotocopias'),
(3947, 429571, 'resultados matriculas y traspasos'),
(3948, 429573, 'decoraciones'),
(3949, 429575, 'manejo de carga'),
(3950, 429579, 'historia clinica'),
(3951, 429581, 'ajuste al peso'),
(3952, 429583, 'llamadas telefonicas'),
(3953, 429595, 'Otros. < Adicionado con el Decreto 1536 de 07/05/2007 >'),
(3954, 47, 'Ajustes por inflacion < Derogado con el Decreto 1536 de 07/05/2007 >'),
(3955, 4705, 'correccion monetaria'),
(3956, 470505, 'inversiones (cr)'),
(3957, 470510, 'inventarios (cr)'),
(3958, 470515, 'propiedades, planta y equipo (cr)'),
(3959, 470520, 'intangibles (cr)'),
(3960, 470525, 'activos diferidos'),
(3961, 470530, 'otros activos (cr)'),
(3962, 470535, 'pasivos sujetos de ajuste'),
(3963, 470540, 'patrimonio'),
(3964, 470545, 'depreciacion acumulada (db)'),
(3965, 470550, 'depreciacion diferida (cr)'),
(3966, 470555, 'agotamiento acumulado (db)'),
(3967, 470560, 'amortizacion acumulada (db)'),
(3968, 470590, 'compras (cr)'),
(3969, 5, 'Gastos'),
(3970, 51, ' Operacionales de administración'),
(3971, 5105, 'Gastos de personal'),
(3972, 510503, 'Salario integral'),
(3973, 510506, 'Sueldos'),
(3974, 510512, 'Jornales'),
(3975, 510515, 'Horas extras y recargos'),
(3976, 510518, 'Comisiones'),
(3977, 510521, 'Viáticos'),
(3978, 510524, 'Incapacidades'),
(3979, 510527, 'Auxilio de transporte'),
(3980, 510530, 'Cesantías'),
(3981, 510533, 'Intereses sobre cesantías'),
(3982, 510536, 'Prima de servicios'),
(3983, 510539, 'Vacaciones'),
(3984, 510542, 'Primas extralegales'),
(3985, 510545, 'Auxilios'),
(3986, 510548, 'Bonificaciones'),
(3987, 510551, 'Dotación y suministro a trabajadores'),
(3988, 510554, 'Seguros'),
(3989, 510557, 'Cuotas partes pensiones de jubilación'),
(3990, 510558, 'Amortización cálculo actuarial pensiones de jubilación'),
(3991, 510559, 'Pensiones de jubilación'),
(3992, 510560, 'Indemnizaciones laborales'),
(3993, 510561, 'Amortización bonos pensionales'),
(3994, 510562, 'Amortización títulos pensionales'),
(3995, 510563, 'Capacitación al personal'),
(3996, 510566, 'Gastos deportivos y de recreación'),
(3997, 510568, 'Aportes a administradoras de riesgos profesionales, ARP'),
(3998, 510569, 'Aportes a entidades promotoras de salud, EPS'),
(3999, 510570, 'Aportes a fondos de pensiones y/o cesantías'),
(4000, 510572, 'Aportes cajas de compensación familiar'),
(4001, 510575, 'Aportes ICBF'),
(4002, 510578, 'SENA'),
(4003, 510581, 'Aportes sindicales'),
(4004, 510584, 'Gastos médicos y drogas'),
(4005, 510595, 'Otros'),
(4006, 5110, 'Honorarios'),
(4007, 511005, 'Junta directiva'),
(4008, 511010, 'Revisoría fiscal'),
(4009, 511015, 'Auditoría externa'),
(4010, 511020, 'Avalúos'),
(4011, 511025, 'Asesoría jurídica'),
(4012, 511030, 'Asesoría financiera'),
(4013, 511035, 'Asesoría técnica'),
(4014, 511095, 'Otros'),
(4015, 5115, ' Impuestos'),
(4016, 511505, 'Industria y comercio'),
(4017, 511510, 'De timbres'),
(4018, 511515, 'A la propiedad raíz'),
(4019, 511520, 'Derechos sobre instrumentos públicos'),
(4020, 511525, 'De valorización'),
(4021, 511530, 'De turismo'),
(4022, 511535, 'Tasa por utilización de puertos'),
(4023, 511540, 'De vehículos'),
(4024, 511545, 'De espectáculos públicos'),
(4025, 511550, 'Cuotas de fomento'),
(4026, 511570, 'IVA descontable'),
(4027, 511595, 'Otros'),
(4028, 5120, 'Arrendamientos'),
(4029, 512005, 'Terrenos'),
(4030, 512010, 'Construcciones y edificaciones'),
(4031, 512015, 'Maquinaria y equipo'),
(4032, 512020, 'Equipo de oficina'),
(4033, 512025, 'Equipo de computación y comunicación'),
(4034, 512030, 'Equipo médico-científico'),
(4035, 512035, 'Equipo de hoteles y restaurantes'),
(4036, 512040, 'Flota y equipo de transporte'),
(4037, 512045, 'Flota y equipo fluvial y/o marítimo'),
(4038, 512050, 'Flota y equipo aéreo'),
(4039, 512055, 'Flota y equipo férreo'),
(4040, 512060, 'Acueductos, plantas y redes'),
(4041, 512065, 'Aeródromos'),
(4042, 512070, 'Semovientes'),
(4043, 512095, 'Otros'),
(4044, 5125, 'Contribuciones y afiliaciones'),
(4045, 512505, 'Contribuciones'),
(4046, 512510, 'Afiliaciones y sostenimiento'),
(4047, 5130, 'Seguros'),
(4048, 513005, 'Manejo'),
(4049, 513010, 'Cumplimiento'),
(4050, 513015, 'Corriente débil'),
(4051, 513020, 'Vida colectiva'),
(4052, 513025, 'Incendio'),
(4053, 513030, 'Terremoto'),
(4054, 513035, 'Sustracción y hurto'),
(4055, 513040, 'Flota y equipo de transporte'),
(4056, 513045, 'Flota y equipo fluvial y/o marítimo'),
(4057, 513050, 'Flota y equipo aéreo'),
(4058, 513055, 'Flota y equipo férreo'),
(4059, 513060, 'Responsabilidad civil y extracontractual'),
(4060, 513065, 'Vuelo'),
(4061, 513070, 'Rotura de maquinaria'),
(4062, 513075, 'Obligatorio accidente de tránsito'),
(4063, 513080, 'Lucro cesante'),
(4064, 513085, 'Transporte de mercancía'),
(4065, 513095, 'Otros'),
(4066, 5135, 'Servicios'),
(4067, 513505, 'Aseo y vigilancia'),
(4068, 513510, 'Temporales'),
(4069, 513515, 'Asistencia técnica'),
(4070, 513520, 'Procesamiento electrónico de datos'),
(4071, 513525, 'Acueducto y alcantarillado'),
(4072, 513530, 'Energía eléctrica'),
(4073, 513535, 'Teléfono'),
(4074, 513540, 'Correo, portes y telegramas'),
(4075, 513545, 'Fax y télex'),
(4076, 513550, 'Transporte, fletes y acarreos'),
(4077, 513555, 'Gas'),
(4078, 513595, 'Otros'),
(4079, 5140, 'Gastos legales'),
(4080, 514005, 'Notariales'),
(4081, 514010, 'Registro mercantil'),
(4082, 514015, 'Trámites y licencias'),
(4083, 514020, 'Aduaneros'),
(4084, 514025, 'Consulares'),
(4085, 514095, 'Otros'),
(4086, 5145, 'Mantenimiento y reparaciones'),
(4087, 514505, 'Terrenos'),
(4088, 514510, 'Construcciones y edificaciones'),
(4089, 514515, 'Maquinaria y equipo'),
(4090, 514520, 'Equipo de oficina'),
(4091, 514525, 'Equipo de computación y comunicación'),
(4092, 514530, 'Equipo médico-científico'),
(4093, 514535, 'Equipo de hoteles y restaurantes'),
(4094, 514540, 'Flota y equipo de transporte'),
(4095, 514545, 'Flota y equipo fluvial y/o marítimo'),
(4096, 514550, 'Flota y equipo aéreo'),
(4097, 514555, 'Flota y equipo férreo'),
(4098, 514560, 'Acueductos, plantas y redes'),
(4099, 514565, 'Armamento de vigilancia'),
(4100, 514570, 'Vías de comunicación'),
(4101, 5150, 'Adecuación e instalación'),
(4102, 515005, 'Instalaciones eléctricas'),
(4103, 515010, 'Arreglos ornamentales'),
(4104, 515015, 'Reparaciones locativas'),
(4105, 515095, 'Otros'),
(4106, 5155, 'Gastos de viaje'),
(4107, 515505, 'Alojamiento y manutención'),
(4108, 515510, 'Pasajes fluviales y/o marítimos'),
(4109, 515515, 'Pasajes aéreos'),
(4110, 515520, 'Pasajes terrestres'),
(4111, 515525, 'Pasajes férreos'),
(4112, 515595, 'Otros'),
(4113, 5160, 'Depreciaciones'),
(4114, 516005, 'Construcciones y edificaciones'),
(4115, 516010, 'Maquinaria y equipo'),
(4116, 516015, 'Equipo de oficina'),
(4117, 516020, 'Equipo de computación y comunicación'),
(4118, 516025, 'Equipo médico-científico'),
(4119, 516030, 'Equipo de hoteles y restaurantes'),
(4120, 516035, 'Flota y equipo de transporte'),
(4121, 516040, 'Flota y equipo fluvial y/o marítimo'),
(4122, 516045, 'Flota y equipo aéreo'),
(4123, 516050, 'Flota y equipo férreo'),
(4124, 516055, 'Acueductos, plantas y redes'),
(4125, 516060, 'Armamento de vigilancia'),
(4126, 5165, ' Amortizaciones'),
(4127, 516505, 'Vías de comunicación'),
(4128, 516510, 'Intangibles'),
(4129, 516515, 'Cargos diferidos'),
(4130, 516595, 'Otras'),
(4131, 5195, 'Diversos'),
(4132, 519505, 'Comisiones'),
(4133, 519510, 'Libros, suscripciones, periódicos y revistas'),
(4134, 519515, 'Música ambiental'),
(4135, 519520, 'Gastos de representación y relaciones públicas'),
(4136, 519525, 'Elementos de aseo y cafetería'),
(4137, 519530, 'Útiles, papelería y fotocopias'),
(4138, 519535, 'Combustibles y lubricantes'),
(4139, 519540, 'Envases y empaques'),
(4140, 519545, 'Taxis y buses'),
(4141, 519550, 'Estampillas'),
(4142, 519555, 'Microfilmación'),
(4143, 519560, 'Casino y restaurante'),
(4144, 519565, 'Parqueaderos'),
(4145, 519570, 'Indemnización por daños a terceros'),
(4146, 519575, 'Pólvora y similares'),
(4147, 519595, 'Otros'),
(4148, 5199, 'Provisiones'),
(4149, 519905, 'Inversiones'),
(4150, 519910, 'Deudores'),
(4151, 519915, 'Propiedades, planta y equipo'),
(4152, 519995, 'Otros activos'),
(4153, 52, 'Operacionales de ventas'),
(4154, 5205, 'Gastos de personal'),
(4155, 520503, 'Salario integral'),
(4156, 520506, 'Sueldos'),
(4157, 520512, 'Jornales'),
(4158, 520515, 'Horas extras y recargos'),
(4159, 520518, 'Comisiones'),
(4160, 520521, 'Viáticos'),
(4161, 520524, 'Incapacidades'),
(4162, 520527, 'Auxilio de transporte'),
(4163, 520530, 'Cesantías'),
(4164, 520533, 'Intereses sobre cesantías'),
(4165, 520536, 'Prima de servicios'),
(4166, 520539, 'Vacaciones'),
(4167, 520542, 'Primas extralegales'),
(4168, 520545, 'Auxilios'),
(4169, 520548, 'Bonificaciones'),
(4170, 520551, 'Dotación y suministro a trabajadores'),
(4171, 520554, 'Seguros'),
(4172, 520557, 'Cuotas partes pensiones de jubilación'),
(4173, 520558, 'Amortización cálculo actuarial pensiones de jubilación'),
(4174, 520559, 'Pensiones de jubilación'),
(4175, 520560, 'Indemnizaciones laborales'),
(4176, 520561, 'Amortización bonos pensionales'),
(4177, 520562, 'Amortización títulos pensionales'),
(4178, 520563, 'Capacitación al personal'),
(4179, 520566, 'Gastos deportivos y de recreación'),
(4180, 520568, 'Aportes a administradoras de riesgos profesionales, ARP'),
(4181, 520669, 'Aportes a entidades promotoras de salud, EPS'),
(4182, 520570, 'Aportes a fondos de pensiones y/o cesantías'),
(4183, 520572, 'Aportes cajas de compensación familiar'),
(4184, 520575, 'Aportes ICBF'),
(4185, 520578, 'SENA'),
(4186, 520581, 'Aportes sindicales'),
(4187, 520584, 'Gastos médicos y drogas'),
(4188, 520595, 'Otros'),
(4189, 5210, 'Honorarios'),
(4190, 521005, 'Junta directiva'),
(4191, 521010, 'Revisoría fiscal'),
(4192, 521015, 'Auditoría externa'),
(4193, 521020, 'Avalúos'),
(4194, 521025, 'Asesoría jurídica'),
(4195, 521030, 'Asesoría financiera'),
(4196, 521035, 'Asesoría técnica'),
(4197, 521095, 'Otros'),
(4198, 5215, 'Impuestos'),
(4199, 521505, 'Industria y comercio'),
(4200, 521510, 'De timbres'),
(4201, 521515, 'A la propiedad raíz'),
(4202, 521520, 'Derechos sobre instrumentos públicos'),
(4203, 521525, 'De valorización'),
(4204, 521530, 'De turismo'),
(4205, 521535, 'Tasa por utilización de puertos'),
(4206, 521540, 'De vehículos'),
(4207, 521545, 'De espectáculos públicos'),
(4208, 521550, 'Cuotas de fomento'),
(4209, 521555, 'Licores'),
(4210, 521560, 'Cervezas'),
(4211, 521565, 'Cigarrillos'),
(4212, 521570, 'IVA descontable'),
(4213, 521595, 'Otros'),
(4214, 5220, 'Arrendamientos'),
(4215, 522005, 'Terrenos'),
(4216, 522010, 'Construcciones y edificaciones'),
(4217, 522015, 'Maquinaria y equipo'),
(4218, 522020, 'Equipo de oficina'),
(4219, 522025, 'Equipo de computación y comunicación'),
(4220, 522030, 'Equipo médico-científico'),
(4221, 522035, 'Equipo de hoteles y restaurantes'),
(4222, 522040, 'Flota y equipo de transporte'),
(4223, 522045, 'Flota y equipo fluvial y/o marítimo'),
(4224, 522050, 'Flota y equipo aéreo'),
(4225, 522055, 'Flota y equipo férreo'),
(4226, 522060, 'Acueductos, plantas y redes'),
(4227, 522065, 'Aeródromos'),
(4228, 522070, 'Semovientes'),
(4229, 522095, 'Otros'),
(4230, 5225, 'Contribuciones y afiliaciones'),
(4231, 522505, 'Contribuciones'),
(4232, 522510, 'Afiliaciones y sostenimiento'),
(4233, 5230, ' Seguros'),
(4234, 523005, 'Manejo'),
(4235, 523010, 'Cumplimiento'),
(4236, 523015, 'Corriente débil'),
(4237, 523020, 'Vida colectiva'),
(4238, 523025, 'Incendio'),
(4239, 523030, 'Terremoto'),
(4240, 523035, 'Sustracción y hurto'),
(4241, 523040, 'Flota y equipo de transporte'),
(4242, 523045, 'Flota y equipo fluvial y/o marítimo'),
(4243, 523050, 'Flota y equipo aéreo'),
(4244, 523055, 'Flota y equipo férreo'),
(4245, 523060, 'Responsabilidad civil y extracontractual'),
(4246, 523065, 'Vuelo'),
(4247, 523070, 'Rotura de maquinaria'),
(4248, 523075, 'Obligatorio accidente de tránsito'),
(4249, 523080, 'Lucro cesante'),
(4250, 523095, 'Otros'),
(4251, 5235, 'Servicios'),
(4252, 523505, 'Aseo y vigilancia'),
(4253, 523510, 'Temporales'),
(4254, 523515, 'Asistencia técnica'),
(4255, 523520, 'Procesamiento electrónico de datos'),
(4256, 523525, 'Acueducto y alcantarillado'),
(4257, 523530, 'Energía eléctrica'),
(4258, 523535, 'Teléfono'),
(4259, 523540, 'Correo, portes y telegramas'),
(4260, 523545, 'Fax y télex'),
(4261, 523550, 'Transporte, fletes y acarreos'),
(4262, 523555, 'Gas'),
(4263, 523560, 'Publicidad, propaganda y promoción'),
(4264, 523595, 'Otros'),
(4265, 5240, 'Gastos legales'),
(4266, 524005, 'Notariales'),
(4267, 524010, 'Registro mercantil'),
(4268, 524015, 'Trámites y licencias'),
(4269, 524020, 'Aduaneros'),
(4270, 524025, 'Consulares'),
(4271, 524095, 'Otros'),
(4272, 5245, 'Mantenimiento y reparaciones'),
(4273, 524505, 'Terrenos'),
(4274, 524510, 'Construcciones y edificaciones'),
(4275, 524515, 'Maquinaria y equipo'),
(4276, 524520, 'Equipo de oficina'),
(4277, 524525, 'Equipo de computación y comunicación'),
(4278, 524530, 'Equipo médico-científico'),
(4279, 524535, 'Equipo de hoteles y restaurantes'),
(4280, 524540, 'Flota y equipo de transporte'),
(4281, 524545, 'Flota y equipo fluvial y/o marítimo'),
(4282, 524550, 'Flota y equipo aéreo'),
(4283, 524555, 'Flota y equipo férreo'),
(4284, 524560, 'Acueductos, plantas y redes'),
(4285, 524565, 'Armamento de vigilancia'),
(4286, 524570, 'Vías de comunicación'),
(4287, 5250, 'Adecuación e instalación'),
(4288, 525005, 'Instalaciones eléctricas'),
(4289, 525010, 'Arreglos ornamentales'),
(4290, 525015, 'Reparaciones locativas'),
(4291, 525095, 'Otros'),
(4292, 5255, 'Gastos de viaje'),
(4293, 525505, 'Alojamiento y manutención'),
(4294, 525510, 'Pasajes fluviales y/o marítimos'),
(4295, 525515, 'Pasajes aéreos'),
(4296, 525520, 'Pasajes terrestres'),
(4297, 525525, 'Pasajes férreos'),
(4298, 525595, 'Otros'),
(4299, 5260, 'Depreciaciones'),
(4300, 526005, 'Construcciones y edificaciones'),
(4301, 526010, 'Maquinaria y equipo'),
(4302, 526015, 'Equipo de oficina'),
(4303, 526020, 'Equipo de computación y comunicación'),
(4304, 526025, 'Equipo médico-científico'),
(4305, 526030, 'Equipo de hoteles y restaurantes'),
(4306, 526035, 'Flota y equipo de transporte'),
(4307, 526040, 'Flota y equipo fluvial y/o marítimo'),
(4308, 526045, 'Flota y equipo aéreo'),
(4309, 526050, 'Flota y equipo férreo'),
(4310, 526055, 'Acueductos, plantas y redes'),
(4311, 526060, 'Armamento de vigilancia'),
(4312, 526065, 'Envases y empaques'),
(4313, 5265, 'Amortizaciones'),
(4314, 526505, 'Vías de comunicación'),
(4315, 526510, 'Intangibles'),
(4316, 526515, 'Cargos diferidos'),
(4317, 526595, 'Otras'),
(4318, 5270, 'Financieros-reajuste del sistema'),
(4319, 5275, 'Pérdidas método de participación'),
(4320, 527505, 'De sociedades anónimas y/o asimiladas'),
(4321, 527510, 'De sociedades limitadas y/o asimiladas'),
(4322, 5295, 'Diversos'),
(4323, 529505, 'Comisiones'),
(4324, 529510, 'Libros, suscripciones, periódicos y revistas'),
(4325, 529515, 'Música ambiental'),
(4326, 529520, 'Gastos de representación y relaciones públicas'),
(4327, 529525, 'Elementos de aseo y cafetería'),
(4328, 529530, 'Útiles, papelería y fotocopias'),
(4329, 529535, 'Combustibles y lubricantes'),
(4330, 529540, 'Envases y empaques'),
(4331, 529545, 'Taxis y buses'),
(4332, 529550, 'Estampillas'),
(4333, 529555, 'Microfilmación'),
(4334, 529560, 'Casino y restaurante'),
(4335, 529565, 'Parqueaderos'),
(4336, 529570, 'Indemnización por daños a terceros'),
(4337, 529575, 'Pólvora y similares'),
(4338, 529595, 'Otros'),
(4339, 5299, 'Provisiones'),
(4340, 529905, 'Inversiones'),
(4341, 529910, 'Deudores'),
(4342, 529915, 'Inventarios'),
(4343, 529920, 'Propiedades, planta y equipo'),
(4344, 529995, 'Otros activos'),
(4345, 53, 'No operacionales'),
(4346, 5305, 'Financieros'),
(4347, 530505, 'Gastos bancarios'),
(4348, 530510, 'Reajuste monetario-UPAC'),
(4349, 530515, 'Comisiones'),
(4350, 530520, 'Intereses'),
(4351, 530525, 'Diferencia en cambio'),
(4352, 530530, 'Gastos en negociación certificados de cambio'),
(4353, 530535, 'Descuentos comerciales condicionados'),
(4354, 530540, 'Gastos manejo y emisión de bonos'),
(4355, 530545, 'Prima amortizada'),
(4356, 530595, 'Otros'),
(4357, 5310, 'Pérdida en venta y retiro de bienes'),
(4358, 531005, 'Venta de inversiones'),
(4359, 531010, 'Venta de cartera'),
(4360, 531015, 'Venta de propiedades, planta y equipo'),
(4361, 531020, 'Venta de intangibles'),
(4362, 531025, 'Venta de otros activos'),
(4363, 531030, 'Retiro de propiedades, planta y equipo'),
(4364, 531035, 'Retiro de otros activos'),
(4365, 531040, 'Pérdidas por siniestros'),
(4366, 531095, 'Otros'),
(4367, 5313, 'Pérdidas método de participación'),
(4368, 531305, 'De sociedades anónimas y/o asimiladas'),
(4369, 531310, 'De sociedades limitadas y/o asimiladas'),
(4370, 5315, 'Gastos extraordinarios'),
(4371, 531505, 'Costas y procesos judiciales'),
(4372, 531510, 'Actividades culturales y cívicas'),
(4373, 531515, 'Costos y gastos de ejercicios anteriores'),
(4374, 531520, 'Impuestos asumidos'),
(4375, 531595, 'Otros'),
(4376, 5395, 'Gastos diversos'),
(4377, 539505, 'Demandas laborales'),
(4378, 539510, 'Demandas por incumplimiento de contratos'),
(4379, 539515, 'Indemnizaciones'),
(4380, 539520, 'Multas, sanciones y litigios'),
(4381, 539525, 'Donaciones'),
(4382, 539530, 'Constitución de garantías'),
(4383, 539535, 'Amortización de bienes entregados en comodato'),
(4384, 539595, 'Otros'),
(4385, 54, 'Impuesto de renta y complementarios'),
(4386, 5405, 'Impuesto de renta y complementarios'),
(4387, 540505, 'Impuesto de renta y complementarios'),
(4388, 59, 'Ganancias y pérdidas'),
(4389, 5905, 'Ganancias y pérdidas'),
(4390, 590505, 'Ganancias y pérdidas'),
(4391, 6, 'Costos de ventas'),
(4392, 61, 'Costo de ventas y de prestación de servicios'),
(4393, 6105, 'Agricultura, ganadería, caza y silvicultura'),
(4394, 610505, 'Cultivo de cereales'),
(4395, 610510, 'Cultivos de hortalizas, legumbres y plantas ornamentales'),
(4396, 610515, 'Cultivos de frutas, nueces y plantas aromáticas'),
(4397, 610520, 'Cultivo de café'),
(4398, 610525, 'Cultivo de flores'),
(4399, 610530, 'Cultivo de caña de azúcar'),
(4400, 610535, 'Cultivo de algodón y plantas para material textil'),
(4401, 610540, 'Cultivo de banano'),
(4402, 610545, 'Otros cultivos agrícolas'),
(4403, 610550, 'Cría de ovejas, cabras, asnos, mulas y burdéganos'),
(4404, 610555, 'Cría de ganado caballar y vacuno'),
(4405, 610560, 'Producción avícola'),
(4406, 610565, 'Cría de otros animales'),
(4407, 610570, 'Servicios agrícolas y ganaderos'),
(4408, 610575, 'Actividad de caza'),
(4409, 610580, 'Actividad de silvicultura'),
(4410, 610595, 'Actividades conexas'),
(4411, 6110, 'Pesca'),
(4412, 611005, 'Actividad de pesca'),
(4413, 611010, 'Explotación de criaderos de peces'),
(4414, 611095, 'Actividades conexas'),
(4415, 6115, 'Explotación de minas y canteras'),
(4416, 611505, 'Carbón'),
(4417, 611510, 'Petróleo crudo'),
(4418, 611512, 'Gas natural'),
(4419, 611514, 'Servicios relacionados con extracción de petróleo y gas'),
(4420, 611515, 'Minerales de hierro'),
(4421, 611520, 'Minerales metalíferos no ferrosos'),
(4422, 611525, 'Piedra, arena y arcilla'),
(4423, 611527, 'Piedras preciosas'),
(4424, 611528, 'Oro                                                                        www.aldiaempresarios.com'),
(4425, 611530, 'Otras minas y canteras'),
(4426, 611532, 'Prestación de servicios sector minero'),
(4427, 611595, 'Actividades conexas'),
(4428, 6120, 'Industrias manufactureras'),
(4429, 612001, 'Producción y procesamiento de carnes y productos cárnicos'),
(4430, 612002, 'Productos de pescado'),
(4431, 612003, 'Productos de frutas, legumbres y hortalizas'),
(4432, 612004, 'Elaboración de aceites y grasas'),
(4433, 612005, 'Elaboración de productos lácteos'),
(4434, 612006, 'Elaboración de productos de molinería'),
(4435, 612007, 'Elaboración de almidones y derivados'),
(4436, 612008, 'Elaboración de alimentos para animales'),
(4437, 612009, 'Elaboración de productos para panadería'),
(4438, 612010, 'Elaboración de azúcar y melazas'),
(4439, 612011, 'Elaboración de cacao, chocolate y confitería'),
(4440, 612012, 'Elaboración de pastas y productos farináceos'),
(4441, 612013, 'Elaboración de productos de café'),
(4442, 612014, 'Elaboración de otros productos alimenticios'),
(4443, 612015, 'Elaboración de bebidas alcohólicas y alcohol etílico'),
(4444, 612016, 'Elaboración de vinos'),
(4445, 612017, 'Elaboración de bebidas malteadas y de malta'),
(4446, 612018, 'Elaboración de bebidas no alcohólicas'),
(4447, 612019, 'Elaboración de productos de tabaco'),
(4448, 612020, 'Preparación e hilatura de fibras textiles y tejeduría'),
(4449, 612021, 'Acabado de productos textiles'),
(4450, 612022, 'Elaboración de artículos de materiales textiles'),
(4451, 612023, 'Elaboración de tapices y alfombras'),
(4452, 612024, 'Elaboración de cuerdas, cordeles, bramantes y redes'),
(4453, 612025, 'Elaboración de otros productos textiles'),
(4454, 612026, 'Elaboración de tejidos'),
(4455, 612027, 'Elaboración de prendas de vestir'),
(4456, 612028, 'Preparación, adobo y teñido de pieles'),
(4457, 612029, 'Curtido, adobo o preparación de cuero'),
(4458, 612030, 'Elaboración de maletas, bolsos y similares'),
(4459, 612031, 'Elaboración de calzado'),
(4460, 612032, 'Producción de madera, artículos de madera y corcho'),
(4461, 612033, 'Elaboración de pasta y productos de madera, papel y cartón'),
(4462, 612034, 'Ediciones y publicaciones'),
(4463, 612035, 'Impresión'),
(4464, 612036, 'Servicios relacionados con la edición y la impresión'),
(4465, 612037, 'Reproducción de grabaciones'),
(4466, 612038, 'Elaboración de productos de horno de coque'),
(4467, 612039, 'Elaboración de productos de la refinación de petróleo'),
(4468, 612040, 'Elaboración de sustancias químicas básicas'),
(4469, 612041, 'Elaboración de abonos y compuestos de nitrógeno'),
(4470, 612042, 'Elaboración de plástico y caucho sintético'),
(4471, 612043, 'Elaboración de productos químicos de uso agropecuario'),
(4472, 612044, 'Elaboración de pinturas, tintas y masillas'),
(4473, 612045, 'Elaboración de productos farmacéuticos y botánicos'),
(4474, 612046, 'Elaboración de jabones, detergentes y preparados de tocador'),
(4475, 612047, 'Elaboración de otros productos químicos'),
(4476, 612048, 'Elaboración de fibras'),
(4477, 612049, 'Elaboración de otros productos de caucho'),
(4478, 612050, 'Elaboración de productos de plástico'),
(4479, 612051, 'Elaboración de vidrio y productos de vidrio'),
(4480, 612052, 'Elaboración de productos de cerámica, loza, piedra, arcilla y porcelana'),
(4481, 612053, 'Elaboración de cemento, cal y yeso'),
(4482, 612054, 'Elaboración de artículos de hormigón, cemento y yeso'),
(4483, 612055, 'Corte, tallado y acabado de la piedra'),
(4484, 612056, 'Elaboración de otros productos minerales no metálicos'),
(4485, 612057, 'Industrias básicas y fundición de hierro y acero'),
(4486, 612058, 'Productos primarios de metales preciosos y de metales no ferrosos'),
(4487, 612059, 'Fundición de metales no ferrosos'),
(4488, 612060, 'Fabricación de productos metálicos para uso estructural'),
(4489, 612061, 'Forja, prensado, estampado, laminado de metal y pulvimetalurgia'),
(4490, 612062, 'Revestimiento de metales y obras de ingeniería mecánica'),
(4491, 612063, 'Fabricación de artículos de ferretería'),
(4492, 612064, 'Elaboración de otros productos de metal'),
(4493, 612065, 'Fabricación de maquinaria y equipo'),
(4494, 612066, 'Fabricación de equipos de elevación y manipulación'),
(4495, 612067, 'Elaboración de aparatos de uso doméstico'),
(4496, 612068, 'Elaboración de equipo de oficina'),
(4497, 612069, 'Elaboración de pilas y baterías primarias'),
(4498, 612070, 'Elaboración de equipo de iluminación'),
(4499, 612071, 'Elaboración de otros tipos de equipo eléctrico'),
(4500, 612072, 'Fabricación de equipos de radio, televisión y comunicaciones'),
(4501, 612073, 'Fabricación de aparatos e instrumentos médicos'),
(4502, 612074, 'Fabricación de instrumentos de medición y control'),
(4503, 612075, 'Fabricación de instrumentos de óptica y equipo fotográfico'),
(4504, 612076, 'Fabricación de relojes'),
(4505, 612077, 'Fabricación de vehículos automotores'),
(4506, 612078, 'Fabricación de carrocerías para automotores'),
(4507, 612079, 'Fabricación de partes, piezas y accesorios para automotores'),
(4508, 612080, 'Fabricación y reparación de buques y otras embarcaciones'),
(4509, 612081, 'Fabricación de locomotoras y material rodante para ferrocarriles'),
(4510, 612082, 'Fabricación de aeronaves'),
(4511, 612083, 'Fabricación de motocicletas'),
(4512, 612084, 'Fabricación de bicicletas y sillas de ruedas'),
(4513, 612085, 'Fabricación de otros tipos de transporte'),
(4514, 612086, 'Fabricación de muebles'),
(4515, 612087, 'Fabricación de joyas y artículos conexos'),
(4516, 612088, 'Fabricación de instrumentos de música'),
(4517, 612089, 'Fabricación de artículos y equipo para deporte'),
(4518, 612090, 'Fabricación de juegos y juguetes'),
(4519, 612091, 'Reciclamiento de desperdicios'),
(4520, 612095, 'Productos de otras industrias manufactureras'),
(4521, 6125, 'Suministro de electricidad, gas y agua'),
(4522, 612505, 'Generación, captación y distribución de energía eléctrica'),
(4523, 612510, 'Fabricación de gas y distribución de combustibles gaseosos'),
(4524, 612515, 'Captación, depuración y distribución de agua'),
(4525, 612595, 'Actividades conexas'),
(4526, 6130, 'Construcción'),
(4527, 613005, 'Preparación de terrenos'),
(4528, 613010, 'Construcción de edificios y obras de ingeniería civil'),
(4529, 613015, 'Acondicionamiento de edificios'),
(4530, 613020, 'Terminación de edificaciones'),
(4531, 613025, 'Alquiler de equipo con operario'),
(4532, 613095, 'Actividades conexas'),
(4533, 6135, 'Comercio al por mayor y al por menor'),
(4534, 613502, 'Venta de vehículos automotores'),
(4535, 613504, 'Mantenimiento, reparación y lavado de vehículos automotores'),
(4536, 613506, 'Venta de partes, piezas y accesorios de vehículos automotores'),
(4537, 613508, 'Venta de combustibles sólidos, líquidos, gaseosos'),
(4538, 613510, 'Venta de lubricantes, aditivos, llantas y lujos para automotores'),
(4539, 613512, 'Venta a cambio de retribución o por contrata'),
(4540, 613514, 'Venta de insumos, materias primas agropecuarias y flores'),
(4541, 613516, 'Venta de otros insumos y materias primas no agropecuarias'),
(4542, 613518, 'Venta de animales vivos y cueros'),
(4543, 613520, 'Venta de productos en almacenes no especializados'),
(4544, 613522, 'Venta de productos agropecuarios'),
(4545, 613524, 'Venta de productos textiles, de vestir, de cuero y calzado'),
(4546, 613526, 'Venta de papel y cartón'),
(4547, 613528, 'Venta de libros, revistas, elementos de papelería, útiles y textos escolares'),
(4548, 613530, 'Venta de juegos, juguetes y artículos deportivos'),
(4549, 613532, 'Venta de instrumentos quirúrgicos y ortopédicos'),
(4550, 613534, 'Venta de artículos en relojerías y joyerías'),
(4551, 613536, 'Venta de electrodomésticos y muebles'),
(4552, 613538, 'Venta de productos de aseo, farmacéuticos, medicinales y artículos de tocador'),
(4553, 613540, 'Venta de cubiertos, vajillas, cristalería, porcelanas, cerámicas y otros artículos de uso doméstico'),
(4554, 613542, 'Venta de materiales de construcción, fontanería y calefacción'),
(4555, 613544, 'Venta de pinturas y lacas'),
(4556, 613546, 'Venta de productos de vidrios y marquetería'),
(4557, 613548, 'Venta de herramientas y artículos de ferretería'),
(4558, 613550, 'Venta de químicos'),
(4559, 613552, 'Venta de productos intermedios, desperdicios y desechos'),
(4560, 613554, 'Venta de maquinaria, equipo de oficina y programas de computador'),
(4561, 613556, 'Venta de artículos en cacharrerías y misceláneas'),
(4562, 613558, 'Venta de instrumentos musicales'),
(4563, 613560, 'Venta de artículos en casas de empeño y prenderías'),
(4564, 613562, 'Venta de equipo fotográfico'),
(4565, 613564, 'Venta de equipo óptico y de precisión'),
(4566, 613566, 'Venta de empaques'),
(4567, 613568, 'Venta de equipo profesional y científico'),
(4568, 613570, 'Venta de loterías, rifas, chance, apuestas y similares'),
(4569, 613572, 'Reparación de efectos personales y electrodomésticos'),
(4570, 613595, 'Venta de otros productos'),
(4571, 6140, 'Hoteles y restaurantes'),
(4572, 614005, 'Hotelería'),
(4573, 614010, 'Campamento y otros tipos de hospedaje'),
(4574, 614015, 'Restaurantes'),
(4575, 614020, 'Bares y cantinas'),
(4576, 614095, 'Actividades conexas'),
(4577, 6145, 'Transporte, almacenamiento y comunicaciones'),
(4578, 614505, 'Servicio de transporte por carretera'),
(4579, 614510, 'Servicio de transporte por vía férrea'),
(4580, 614515, 'Servicio de transporte por vía acuática'),
(4581, 614520, 'Servicio de transporte por vía aérea'),
(4582, 614525, 'Servicio de transporte por tuberías'),
(4583, 614530, 'Manipulación de carga'),
(4584, 614535, 'Almacenamiento y depósito'),
(4585, 614540, 'Servicios complementarios para el transporte'),
(4586, 614545, 'Agencias de viaje'),
(4587, 614550, 'Otras agencias de transporte'),
(4588, 614555, 'Servicio postal y de correo'),
(4589, 614560, 'Servicio telefónico'),
(4590, 614565, 'Servicio de telégrafo'),
(4591, 614570, 'Servicio de transmisión de datos'),
(4592, 614575, 'Servicio de radio y televisión por cable'),
(4593, 614580, 'Transmisión de sonido e imágenes por contrato'),
(4594, 614595, 'Actividades conexas'),
(4595, 6150, 'Actividad financiera'),
(4596, 615005, 'De inversiones'),
(4597, 615010, 'De servicio de bolsa'),
(4598, 6155, 'Actividades inmobiliarias, empresariales y de alquiler'),
(4599, 615505, 'Arrendamientos de bienes inmuebles'),
(4600, 615510, 'Inmobiliarias por retribución o contrata'),
(4601, 615515, 'Alquiler equipo de transporte'),
(4602, 615520, 'Alquiler maquinaria y equipo'),
(4603, 615525, 'Alquiler de efectos personales y enseres domésticos'),
(4604, 615530, 'Consultoría en equipo y programas de informática'),
(4605, 615535, 'Procesamiento de datos'),
(4606, 615540, 'Mantenimiento y reparación de maquinaria de oficina'),
(4607, 615545, 'Investigaciones científicas y de desarrollo'),
(4608, 615550, 'Actividades empresariales de consultoría'),
(4609, 615555, 'Publicidad'),
(4610, 615560, 'Dotación de personal'),
(4611, 615565, 'Investigación y seguridad'),
(4612, 615570, 'Limpieza de inmuebles'),
(4613, 615575, 'Fotografía'),
(4614, 615580, 'Envase y empaque'),
(4615, 615585, 'Fotocopiado'),
(4616, 615590, 'Mantenimiento y reparación de maquinaria y equipo'),
(4617, 615595, 'Actividades conexas'),
(4618, 6160, 'Enseñanza'),
(4619, 616005, 'Actividades relacionadas con la educación'),
(4620, 616095, 'Actividades conexas'),
(4621, 6165, 'Servicios sociales y de salud'),
(4622, 616505, 'Servicio hospitalario'),
(4623, 616510, 'Servicio médico'),
(4624, 616515, 'Servicio odontológico'),
(4625, 616520, 'Servicio de laboratorio'),
(4626, 616525, 'Actividades veterinarias'),
(4627, 616530, 'Actividades de servicios sociales'),
(4628, 616595, 'Actividades conexas'),
(4629, 6170, 'Otras actividades de servicios comunitarios, sociales y personales'),
(4630, 617005, 'Eliminación de desperdicios y aguas residuales'),
(4631, 617010, 'Actividades de asociación'),
(4632, 617015, 'Producción y distribución de filmes y videocintas'),
(4633, 617020, 'Exhibición de filmes y videocintas'),
(4634, 617025, 'Actividad de radio y televisión'),
(4635, 617030, 'Actividad teatral, musical y artística'),
(4636, 617035, 'Grabación y producción de discos'),
(4637, 617040, 'Entretenimiento y esparcimiento'),
(4638, 617045, 'Agencias de noticias'),
(4639, 617050, 'Lavanderías y similares'),
(4640, 617055, 'Peluquerías y similares'),
(4641, 617060, 'Servicios funerarios'),
(4642, 617065, 'Zonas francas'),
(4643, 617095, 'Actividades conexas'),
(4644, 62, 'Compras'),
(4645, 6205, 'De mercancías'),
(4646, 620599, 'Ajustes por inflación  < Derogado con el Decreto 1536 de 07/05/2007 >'),
(4647, 6210, 'De materias primas'),
(4648, 621099, 'Ajustes por inflación  < Derogado con el Decreto 1536 de 07/05/2007 >'),
(4649, 6215, ' De materiales indirectos'),
(4650, 621599, 'Ajustes por inflación  < Derogado con el Decreto 1536 de 07/05/2007 >'),
(4651, 6220, 'Compra de energía'),
(4652, 622099, 'Ajustes por inflación  < Derogado con el Decreto 1536 de 07/05/2007 >'),
(4653, 6225, 'Devoluciones en compras (CR)'),
(4654, 7, 'Costos de producción o de operación'),
(4655, 71, '  Materia prima'),
(4656, 72, 'Mano de obra directa'),
(4657, 73, ' Costos indirectos'),
(4658, 74, 'Contratos de servicios'),
(4659, 8, 'Cuentas de orden deudoras'),
(4660, 81, 'Derechos contingentes'),
(4661, 8105, 'Bienes y valores entregados en custodia'),
(4662, 810505, 'Valores mobiliarios'),
(4663, 810510, 'Bienes muebles'),
(4664, 810599, 'Ajustes por inflación  < Derogado con el Decreto 1536 de 07/05/2007 >'),
(4665, 8110, 'Bienes y valores entregados en garantía'),
(4666, 811005, 'Valores mobiliarios'),
(4667, 811010, 'Bienes muebles'),
(4668, 811015, 'Bienes inmuebles'),
(4669, 811020, 'Contratos de ganado en participación'),
(4670, 811099, 'Ajustes por inflación  < Derogado con el Decreto 1536 de 07/05/2007 >'),
(4671, 8115, 'Bienes y valores en poder de terceros'),
(4672, 811505, 'En arrendamiento'),
(4673, 811510, 'En préstamo'),
(4674, 811515, 'En depósito'),
(4675, 811520, 'En consignación'),
(4676, 811599, 'Ajustes por inflación  < Derogado con el Decreto 1536 de 07/05/2007 >'),
(4677, 8120, 'tLitigios y/o demandas'),
(4678, 812005, 'Ejecutivos'),
(4679, 812010, 'Incumplimiento de contratos'),
(4680, 8125, 'Promesas de compraventa'),
(4681, 8195, 'Diversas'),
(4682, 819505, 'Valores adquiridos por recibir'),
(4683, 819595, 'Otras'),
(4684, 819599, 'Ajustes por inflación  < Derogado con el Decreto 1536 de 07/05/2007 >'),
(4685, 82, ' Deudoras fiscales'),
(4686, 83, 'Deudoras de control'),
(4687, 8305, 'Bienes recibidos en arrendamiento financiero'),
(4688, 830505, 'Bienes muebles'),
(4689, 830510, 'Bienes inmuebles'),
(4690, 830599, 'Ajustes por inflación  < Derogado con el Decreto 1536 de 07/05/2007 >'),
(4691, 8310, 'Títulos de inversión no colocados'),
(4692, 831005, 'Acciones'),
(4693, 831010, 'Bonos'),
(4694, 831095, 'Otros');
INSERT INTO `puc` (`idpuc`, `codpuc`, `nombrepuc`) VALUES
(4695, 8315, ' Propiedades, planta y equipo totalmente depreciados, agotados y/o amortizados'),
(4696, 831506, 'Materiales proyectos petroleros'),
(4697, 831516, 'Construcciones y edificaciones'),
(4698, 831520, 'Maquinaria y equipo'),
(4699, 831524, 'Equipo de oficina'),
(4700, 831528, 'Equipo de computación y comunicación'),
(4701, 831532, 'Equipo médico-científico'),
(4702, 831536, 'Equipo de hoteles y restaurantes'),
(4703, 831540, 'Flota y equipo de transporte'),
(4704, 831544, 'Flota y equipo fluvial y/o marítimo'),
(4705, 831548, 'Flota y equipo aéreo'),
(4706, 831552, 'Flota y equipo férreo'),
(4707, 831556, 'Acueductos, plantas y redes'),
(4708, 831560, 'Armamento de vigilancia'),
(4709, 831562, 'Envases y empaques'),
(4710, 831564, 'Plantaciones agrícolas y forestales'),
(4711, 831568, 'Vías de comunicación'),
(4712, 831572, 'Minas y canteras'),
(4713, 831576, 'Pozos artesianos'),
(4714, 831580, 'Yacimientos'),
(4715, 831584, 'Semovientes'),
(4716, 831599, 'Ajustes por inflación  < Derogado con el Decreto 1536 de 07/05/2007 >'),
(4717, 8320, 'Créditos a favor no utilizados'),
(4718, 832005, 'País'),
(4719, 832010, 'Exterior'),
(4720, 8325, 'Activos castigados'),
(4721, 832505, 'Inversiones'),
(4722, 832510, 'Deudores'),
(4723, 832595, 'Otros activos'),
(4724, 8330, ' Títulos de inversión amortizados'),
(4725, 833005, 'Bonos'),
(4726, 833095, 'Otros'),
(4727, 8335, 'Capitalización por revalorización de patrimonio'),
(4728, 8395, 'Otras cuentas deudoras de control'),
(4729, 839505, 'Cheques posfechados'),
(4730, 839510, 'Certificados de depósito a término'),
(4731, 839515, 'Cheques devueltos'),
(4732, 839520, 'Bienes y valores en fideicomiso'),
(4733, 839525, 'Intereses sobre deudas vencidas'),
(4734, 839595, 'Diversas'),
(4735, 839599, 'Ajustes por inflación  < Derogado con el Decreto 1536 de 07/05/2007 >'),
(4736, 8399, 'Ajustes por inflación activos'),
(4737, 839905, 'Inversiones'),
(4738, 839910, 'Inventarios'),
(4739, 839915, 'Propiedades, planta y equipo'),
(4740, 839920, 'Intangibles'),
(4741, 839925, 'Cargos diferidos'),
(4742, 839995, 'Otros activos'),
(4743, 84, 'Derechos contingentes por contra (CR)'),
(4744, 85, 'Deudoras fiscales por contra (CR)'),
(4745, 86, 'Deudoras de control por contra (CR)'),
(4746, 9, 'Cuentas de orden acreedoras'),
(4747, 91, ' Responsabilidades contingentes'),
(4748, 9105, 'Bienes y valores recibidos en custodia'),
(4749, 910505, 'Valores mobiliarios'),
(4750, 910510, 'Bienes muebles'),
(4751, 910599, 'Ajustes por inflación  < Derogado con el Decreto 1536 de 07/05/2007 >'),
(4752, 9110, 'Bienes y valores recibidos en garantía'),
(4753, 911005, 'Valores mobiliarios'),
(4754, 911010, 'Bienes muebles'),
(4755, 911015, 'Bienes inmuebles'),
(4756, 911020, 'Contratos de ganado en participación'),
(4757, 911099, 'Ajustes por inflación  < Derogado con el Decreto 1536 de 07/05/2007 >'),
(4758, 9115, ' Bienes y valores recibidos de terceros'),
(4759, 911505, 'En arrendamiento'),
(4760, 911510, 'En préstamo'),
(4761, 911515, 'En depósito'),
(4762, 911520, 'En consignación'),
(4763, 911525, 'En comodato'),
(4764, 911599, 'Ajustes por inflación  < Derogado con el Decreto 1536 de 07/05/2007 >'),
(4765, 9120, 'Litigios y/o demandas'),
(4766, 912005, 'Laborales'),
(4767, 912010, 'Civiles'),
(4768, 912015, 'Administrativos o arbitrales'),
(4769, 912020, 'Tributarios'),
(4770, 9125, ' Promesas de compraventa'),
(4771, 9130, 'Contratos de administración delegada'),
(4772, 9135, 'Cuentas en participación'),
(4773, 9195, 'Otras responsabilidades contingentes'),
(4774, 92, 'Acreedoras fiscales'),
(4775, 93, ' Acreedoras de control'),
(4776, 9305, 'Contratos de arrendamiento financiero'),
(4777, 930505, 'Bienes muebles'),
(4778, 930510, 'Bienes inmuebles'),
(4779, 9395, 'Otras cuentas de orden acreedoras de control'),
(4780, 939505, 'Documentos por cobrar descontados'),
(4781, 939510, 'Convenios de pago'),
(4782, 939515, 'Contratos de construcciones e instalaciones por ejecutar'),
(4783, 939525, 'Adjudicaciones pendientes de legalizar'),
(4784, 939530, 'Reserva artículo 3º Ley 4ª de 1980'),
(4785, 939535, 'Reserva costo reposición semovientes'),
(4786, 939595, 'Diversas'),
(4787, 939599, 'Ajustes por inflación  < Derogado con el Decreto 1536 de 07/05/2007 >'),
(4788, 9399, 'Ajustes por inflación patrimonio'),
(4789, 939905, 'Capital social'),
(4790, 939910, 'Superávit de capital'),
(4791, 939915, 'Reservas'),
(4792, 939925, 'Dividendos o participaciones decretadas en acciones, cuotas o partes de interés social'),
(4793, 939930, 'Resultados de ejercicios anteriores'),
(4794, 94, 'Responsabilidades contingentes por contra (DB)'),
(4795, 95, 'Acreedoras fiscales por contra (DB)'),
(4796, 96, 'Acreedoras de control por contra (DB)');

-- --------------------------------------------------------

--
-- Estructura de tabla para la tabla `salariominimo`
--

CREATE TABLE `salariominimo` (
  `idsalariominimo` int(11) NOT NULL,
  `idempresa` int(11) NOT NULL,
  `año` int(11) NOT NULL,
  `salario` decimal(10,0) NOT NULL
) ENGINE=InnoDB DEFAULT CHARSET=utf8mb4;

--
-- Volcado de datos para la tabla `salariominimo`
--

INSERT INTO `salariominimo` (`idsalariominimo`, `idempresa`, `año`, `salario`) VALUES
(1, 1, 2019, '2200000'),
(2, 2, 2018, '1300000'),
(3, 3, 2018, '1100000'),
(4, 4, 2019, '1200000'),
(5, 5, 2017, '2000000'),
(6, 6, 2019, '1300000'),
(7, 7, 2018, '1100000'),
(8, 8, 2017, '1200000'),
(9, 9, 2019, '2300000'),
(10, 10, 2019, '3200000');

-- --------------------------------------------------------

--
-- Estructura de tabla para la tabla `tipocuenta`
--

CREATE TABLE `tipocuenta` (
  `idtipocuenta` int(11) NOT NULL,
  `nombretipocuenta` varchar(100) NOT NULL
) ENGINE=InnoDB DEFAULT CHARSET=utf8mb4;

--
-- Volcado de datos para la tabla `tipocuenta`
--

INSERT INTO `tipocuenta` (`idtipocuenta`, `nombretipocuenta`) VALUES
(1, 'Activos'),
(2, 'Pasivos'),
(3, 'Capital'),
(4, 'Ingresos'),
(5, 'Costos'),
(6, 'Gastos');

-- --------------------------------------------------------

--
-- Estructura de tabla para la tabla `tipopersona`
--

CREATE TABLE `tipopersona` (
  `idtipopersona` int(11) NOT NULL,
  `nombretipopersona` varchar(100) NOT NULL
) ENGINE=InnoDB DEFAULT CHARSET=utf8mb4;

--
-- Volcado de datos para la tabla `tipopersona`
--

INSERT INTO `tipopersona` (`idtipopersona`, `nombretipopersona`) VALUES
(1, 'natural'),
(2, 'juridico');

-- --------------------------------------------------------

--
-- Estructura de tabla para la tabla `tipousuario`
--

CREATE TABLE `tipousuario` (
  `idtipousuario` int(11) NOT NULL,
  `nombretipousuario` varchar(100) NOT NULL
) ENGINE=InnoDB DEFAULT CHARSET=utf8mb4;

-- --------------------------------------------------------

--
-- Estructura de tabla para la tabla `usuario`
--

CREATE TABLE `usuario` (
  `idusuario` int(11) NOT NULL,
  `idpersona` int(11) NOT NULL,
  `idtipousuario` int(11) NOT NULL,
  `usuario` varchar(100) NOT NULL,
  `clave` varchar(100) NOT NULL
) ENGINE=InnoDB DEFAULT CHARSET=utf8mb4;

--
-- Índices para tablas volcadas
--

--
-- Indices de la tabla `cargo`
--
ALTER TABLE `cargo`
  ADD PRIMARY KEY (`idcargo`);

--
-- Indices de la tabla `cargo_persona`
--
ALTER TABLE `cargo_persona`
  ADD PRIMARY KEY (`idcargopersona`),
  ADD KEY `FK_PERSONA_CARGOPERSONA` (`idpersona`),
  ADD KEY `FK_CARGO_CARGOPERSONA` (`idcargo`);

--
-- Indices de la tabla `cuenta`
--
ALTER TABLE `cuenta`
  ADD PRIMARY KEY (`idcuenta`),
  ADD KEY `FK_EMPRESA_CUENTA` (`idempresa`),
  ADD KEY `FK_TIPOCUENTA_CUENTA` (`idtipocuenta`),
  ADD KEY `FK_PUC_CUENTA` (`idpuc`),
  ADD KEY `codPadre` (`codPadre`);

--
-- Indices de la tabla `cuenta_persona`
--
ALTER TABLE `cuenta_persona`
  ADD PRIMARY KEY (`idcuentapersona`),
  ADD KEY `FK_PERSONATIPOPERSONA_CUENTA_PERSONA` (`idpersonatipopersona`),
  ADD KEY `FK_CUENTA_CUENTA_PERSONA` (`idcuenta`);

--
-- Indices de la tabla `detallemes`
--
ALTER TABLE `detallemes`
  ADD PRIMARY KEY (`iddetallemes`),
  ADD KEY `FK_CARGOPERSONA_DETALLEMES` (`idcargopersona`);

--
-- Indices de la tabla `detallemovimiento`
--
ALTER TABLE `detallemovimiento`
  ADD PRIMARY KEY (`iddetallemovimiento`),
  ADD KEY `FK_CUENTA_DETALLEMOVIMIENTO` (`idcuenta`),
  ADD KEY `FK_PERSONATIPO_DETALLEMOVIMIENTO` (`idpersonatipopersona`),
  ADD KEY `FK_CARGOPERSONA_DETALLEMOVIMIENTO` (`idcargopersona`),
  ADD KEY `FK_FACTURA_DETALLEMOVIMIENTO` (`idfactura`);

--
-- Indices de la tabla `empresa`
--
ALTER TABLE `empresa`
  ADD PRIMARY KEY (`idempresa`);

--
-- Indices de la tabla `factura`
--
ALTER TABLE `factura`
  ADD PRIMARY KEY (`idfactura`),
  ADD KEY `FK_PERSONA_FACTURA` (`idpersona`);

--
-- Indices de la tabla `notificacion`
--
ALTER TABLE `notificacion`
  ADD PRIMARY KEY (`idnotificacion`),
  ADD KEY `FK_USUARIO_NOTIFICACION` (`idusuario`);

--
-- Indices de la tabla `persona`
--
ALTER TABLE `persona`
  ADD PRIMARY KEY (`idpersona`),
  ADD KEY `FK_EMPRESA_PERSONA` (`idempresa`);

--
-- Indices de la tabla `persona_tipopersona`
--
ALTER TABLE `persona_tipopersona`
  ADD PRIMARY KEY (`idpersonatipopersona`),
  ADD KEY `FK_PERSONA_PERSONA_TIPOPERSONA` (`idpersona`),
  ADD KEY `FK_TIPOPERSONA_PERSONA_TIPOPERSONA` (`idtipopersona`);

--
-- Indices de la tabla `puc`
--
ALTER TABLE `puc`
  ADD PRIMARY KEY (`idpuc`);

--
-- Indices de la tabla `salariominimo`
--
ALTER TABLE `salariominimo`
  ADD PRIMARY KEY (`idsalariominimo`),
  ADD KEY `FK_EMPRESA_SALARIOMINIMO` (`idempresa`);

--
-- Indices de la tabla `tipocuenta`
--
ALTER TABLE `tipocuenta`
  ADD PRIMARY KEY (`idtipocuenta`);

--
-- Indices de la tabla `tipopersona`
--
ALTER TABLE `tipopersona`
  ADD PRIMARY KEY (`idtipopersona`);

--
-- Indices de la tabla `tipousuario`
--
ALTER TABLE `tipousuario`
  ADD PRIMARY KEY (`idtipousuario`);

--
-- Indices de la tabla `usuario`
--
ALTER TABLE `usuario`
  ADD PRIMARY KEY (`idusuario`),
  ADD KEY `FK_TIPOUSUARIO_USUARIO` (`idtipousuario`),
  ADD KEY `FK_PERSONA_USUARIO` (`idpersona`);

--
-- AUTO_INCREMENT de las tablas volcadas
--

--
-- AUTO_INCREMENT de la tabla `cargo`
--
ALTER TABLE `cargo`
  MODIFY `idcargo` int(11) NOT NULL AUTO_INCREMENT;

--
-- AUTO_INCREMENT de la tabla `cargo_persona`
--
ALTER TABLE `cargo_persona`
  MODIFY `idcargopersona` int(11) NOT NULL AUTO_INCREMENT;

--
-- AUTO_INCREMENT de la tabla `cuenta`
--
ALTER TABLE `cuenta`
  MODIFY `idcuenta` int(11) NOT NULL AUTO_INCREMENT, AUTO_INCREMENT=4;

--
-- AUTO_INCREMENT de la tabla `cuenta_persona`
--
ALTER TABLE `cuenta_persona`
  MODIFY `idcuentapersona` int(11) NOT NULL AUTO_INCREMENT, AUTO_INCREMENT=3;

--
-- AUTO_INCREMENT de la tabla `detallemes`
--
ALTER TABLE `detallemes`
  MODIFY `iddetallemes` int(11) NOT NULL AUTO_INCREMENT;

--
-- AUTO_INCREMENT de la tabla `detallemovimiento`
--
ALTER TABLE `detallemovimiento`
  MODIFY `iddetallemovimiento` int(11) NOT NULL AUTO_INCREMENT;

--
-- AUTO_INCREMENT de la tabla `empresa`
--
ALTER TABLE `empresa`
  MODIFY `idempresa` int(11) NOT NULL AUTO_INCREMENT, AUTO_INCREMENT=11;

--
-- AUTO_INCREMENT de la tabla `factura`
--
ALTER TABLE `factura`
  MODIFY `idfactura` int(11) NOT NULL AUTO_INCREMENT;

--
-- AUTO_INCREMENT de la tabla `notificacion`
--
ALTER TABLE `notificacion`
  MODIFY `idnotificacion` int(11) NOT NULL AUTO_INCREMENT;

--
-- AUTO_INCREMENT de la tabla `persona`
--
ALTER TABLE `persona`
  MODIFY `idpersona` int(11) NOT NULL AUTO_INCREMENT, AUTO_INCREMENT=11;

--
-- AUTO_INCREMENT de la tabla `persona_tipopersona`
--
ALTER TABLE `persona_tipopersona`
  MODIFY `idpersonatipopersona` int(11) NOT NULL AUTO_INCREMENT, AUTO_INCREMENT=11;

--
-- AUTO_INCREMENT de la tabla `puc`
--
ALTER TABLE `puc`
  MODIFY `idpuc` int(11) NOT NULL AUTO_INCREMENT, AUTO_INCREMENT=4797;

--
-- AUTO_INCREMENT de la tabla `salariominimo`
--
ALTER TABLE `salariominimo`
  MODIFY `idsalariominimo` int(11) NOT NULL AUTO_INCREMENT, AUTO_INCREMENT=11;

--
-- AUTO_INCREMENT de la tabla `tipocuenta`
--
ALTER TABLE `tipocuenta`
  MODIFY `idtipocuenta` int(11) NOT NULL AUTO_INCREMENT, AUTO_INCREMENT=7;

--
-- AUTO_INCREMENT de la tabla `tipopersona`
--
ALTER TABLE `tipopersona`
  MODIFY `idtipopersona` int(11) NOT NULL AUTO_INCREMENT, AUTO_INCREMENT=3;

--
-- AUTO_INCREMENT de la tabla `tipousuario`
--
ALTER TABLE `tipousuario`
  MODIFY `idtipousuario` int(11) NOT NULL AUTO_INCREMENT;

--
-- AUTO_INCREMENT de la tabla `usuario`
--
ALTER TABLE `usuario`
  MODIFY `idusuario` int(11) NOT NULL AUTO_INCREMENT;

--
-- Restricciones para tablas volcadas
--

--
-- Filtros para la tabla `cargo_persona`
--
ALTER TABLE `cargo_persona`
  ADD CONSTRAINT `FK_CARGO_CARGOPERSONA` FOREIGN KEY (`idcargo`) REFERENCES `cargo` (`idcargo`),
  ADD CONSTRAINT `FK_PERSONA_CARGOPERSONA` FOREIGN KEY (`idpersona`) REFERENCES `persona` (`idpersona`);

--
-- Filtros para la tabla `cuenta`
--
ALTER TABLE `cuenta`
  ADD CONSTRAINT `FK_EMPRESA_CUENTA` FOREIGN KEY (`idempresa`) REFERENCES `empresa` (`idempresa`),
  ADD CONSTRAINT `FK_PUC_CUENTA` FOREIGN KEY (`idpuc`) REFERENCES `puc` (`idpuc`),
  ADD CONSTRAINT `FK_TIPOCUENTA_CUENTA` FOREIGN KEY (`idtipocuenta`) REFERENCES `tipocuenta` (`idtipocuenta`),
  ADD CONSTRAINT `cuenta_ibfk_1` FOREIGN KEY (`codPadre`) REFERENCES `cuenta` (`idcuenta`);

--
-- Filtros para la tabla `cuenta_persona`
--
ALTER TABLE `cuenta_persona`
  ADD CONSTRAINT `FK_CUENTA_CUENTA_PERSONA` FOREIGN KEY (`idcuenta`) REFERENCES `cuenta` (`idcuenta`),
  ADD CONSTRAINT `FK_PERSONATIPOPERSONA_CUENTA_PERSONA` FOREIGN KEY (`idpersonatipopersona`) REFERENCES `persona_tipopersona` (`idpersonatipopersona`);

--
-- Filtros para la tabla `detallemes`
--
ALTER TABLE `detallemes`
  ADD CONSTRAINT `FK_CARGOPERSONA_DETALLEMES` FOREIGN KEY (`idcargopersona`) REFERENCES `cargo_persona` (`idcargopersona`);

--
-- Filtros para la tabla `detallemovimiento`
--
ALTER TABLE `detallemovimiento`
  ADD CONSTRAINT `FK_CARGOPERSONA_DETALLEMOVIMIENTO` FOREIGN KEY (`idcargopersona`) REFERENCES `cargo_persona` (`idcargopersona`),
  ADD CONSTRAINT `FK_CUENTA_DETALLEMOVIMIENTO` FOREIGN KEY (`idcuenta`) REFERENCES `cuenta` (`idcuenta`),
  ADD CONSTRAINT `FK_FACTURA_DETALLEMOVIMIENTO` FOREIGN KEY (`idfactura`) REFERENCES `factura` (`idfactura`),
  ADD CONSTRAINT `FK_PERSONATIPO_DETALLEMOVIMIENTO` FOREIGN KEY (`idpersonatipopersona`) REFERENCES `persona_tipopersona` (`idpersonatipopersona`);

--
-- Filtros para la tabla `factura`
--
ALTER TABLE `factura`
  ADD CONSTRAINT `FK_PERSONA_FACTURA` FOREIGN KEY (`idpersona`) REFERENCES `persona` (`idpersona`);

--
-- Filtros para la tabla `notificacion`
--
ALTER TABLE `notificacion`
  ADD CONSTRAINT `FK_USUARIO_NOTIFICACION` FOREIGN KEY (`idusuario`) REFERENCES `usuario` (`idusuario`);

--
-- Filtros para la tabla `persona`
--
ALTER TABLE `persona`
  ADD CONSTRAINT `FK_EMPRESA_PERSONA` FOREIGN KEY (`idempresa`) REFERENCES `empresa` (`idempresa`);

--
-- Filtros para la tabla `persona_tipopersona`
--
ALTER TABLE `persona_tipopersona`
  ADD CONSTRAINT `FK_PERSONA_PERSONA_TIPOPERSONA` FOREIGN KEY (`idpersona`) REFERENCES `persona` (`idpersona`),
  ADD CONSTRAINT `FK_TIPOPERSONA_PERSONA_TIPOPERSONA` FOREIGN KEY (`idtipopersona`) REFERENCES `tipopersona` (`idtipopersona`);

--
-- Filtros para la tabla `salariominimo`
--
ALTER TABLE `salariominimo`
  ADD CONSTRAINT `FK_EMPRESA_SALARIOMINIMO` FOREIGN KEY (`idempresa`) REFERENCES `empresa` (`idempresa`);

--
-- Filtros para la tabla `usuario`
--
ALTER TABLE `usuario`
  ADD CONSTRAINT `FK_PERSONA_USUARIO` FOREIGN KEY (`idpersona`) REFERENCES `persona` (`idpersona`),
  ADD CONSTRAINT `FK_TIPOUSUARIO_USUARIO` FOREIGN KEY (`idtipousuario`) REFERENCES `tipousuario` (`idtipousuario`);
COMMIT;

/*!40101 SET CHARACTER_SET_CLIENT=@OLD_CHARACTER_SET_CLIENT */;
/*!40101 SET CHARACTER_SET_RESULTS=@OLD_CHARACTER_SET_RESULTS */;
/*!40101 SET COLLATION_CONNECTION=@OLD_COLLATION_CONNECTION */;
